dataset_doi,class_id,class_label,split,sample_id,mode,archive_member,local_relative_path,bytes,sha256
10.5281/zenodo.18061204,class10,Cemented fracture,test,Fracture.107,PPL,carbonate_1223/PPL-1223/test/class10/Fracture.107.jpg,data/raw/PPL/test/class10_cemented_fracture/Fracture.107.jpg,707713,aa2623971a797b1b34cc095775541b78d2379d93d8daa1aa96815ea3bfbdff94
10.5281/zenodo.18061204,class10,Cemented fracture,test,Fracture.123,PPL,carbonate_1223/PPL-1223/test/class10/Fracture.123.jpg,data/raw/PPL/test/class10_cemented_fracture/Fracture.123.jpg,864576,56eb6ed176970a442dd6e9cfd6d963dcaf6ab14f3cd9a2e1a47a0f3a680f1eef
10.5281/zenodo.18061204,class10,Cemented fracture,test,Fracture.129,PPL,carbonate_1223/PPL-1223/test/class10/Fracture.129.jpg,data/raw/PPL/test/class10_cemented_fracture/Fracture.129.jpg,916373,2cbe57bff92e04be89de0c6fb086f79c2fe5045ae36fc2d43c08cce42f0880f1
10.5281/zenodo.18061204,class10,Cemented fracture,test,Fracture.13,PPL,carbonate_1223/PPL-1223/test/class10/Fracture.13.jpg,data/raw/PPL/test/class10_cemented_fracture/Fracture.13.jpg,718576,842c42a91791cde76a670c581376fbb18404953fe9ded4e303589b71d4091b3d
10.5281/zenodo.18061204,class10,Cemented fracture,test,Fracture.6,PPL,carbonate_1223/PPL-1223/test/class10/Fracture.6.jpg,data/raw/PPL/test/class10_cemented_fracture/Fracture.6.jpg,946594,7dca3c43343f78a860d1b5fbf640aac8a7e0e895487ba6adf05e31baf308aebe
10.5281/zenodo.18061204,class13,Micritic limestone,test,Micritic_limestone.142,PPL,carbonate_1223/PPL-1223/test/class13/Micritic_limestone.142.jpg,data/raw/PPL/test/class13_micritic_limestone/Micritic_limestone.142.jpg,690490,2f111819029fe25b3a39405b450db265ae5bdc6aa2561de6856d5acb133b1ae2
10.5281/zenodo.18061204,class13,Micritic limestone,test,Micritic_limestone.249,PPL,carbonate_1223/PPL-1223/test/class13/Micritic_limestone.249.jpg,data/raw/PPL/test/class13_micritic_limestone/Micritic_limestone.249.jpg,773548,369e141f4a4d2968c3103c655c3205486b876809e79301d73b5156acb1633bcc
10.5281/zenodo.18061204,class13,Micritic limestone,test,Micritic_limestone.267,PPL,carbonate_1223/PPL-1223/test/class13/Micritic_limestone.267.jpg,data/raw/PPL/test/class13_micritic_limestone/Micritic_limestone.267.jpg,699268,86eb71722aa45a73987f727b747c4934e792b15eed4806d58d9627611a2b4dbd
10.5281/zenodo.18061204,class13,Micritic limestone,test,Micritic_limestone.334,PPL,carbonate_1223/PPL-1223/test/class13/Micritic_limestone.334.jpg,data/raw/PPL/test/class13_micritic_limestone/Micritic_limestone.334.jpg,799752,765370eb3733b1e47756349875fd1549a39d420300f58a82a9eeab40ae5032eb
10.5281/zenodo.18061204,class13,Micritic limestone,test,Micritic_limestone.350,PPL,carbonate_1223/PPL-1223/test/class13/Micritic_limestone.350.jpg,data/raw/PPL/test/class13_micritic_limestone/Micritic_limestone.350.jpg,811856,f1d01707530ad9b936633e382da1ed7f2f37a417c330396b29aabffc7ebd7f2a
10.5281/zenodo.18061204,class17,Oolite,test,12,PPL,carbonate_1223/PPL-1223/test/class17/12.jpg,data/raw/PPL/test/class17_oolite/12.jpg,456823,159d076d0cb8ce5afd8ad6f47085f936442eb0a91abd8612f8114d4186d3889c
10.5281/zenodo.18061204,class17,Oolite,test,13,PPL,carbonate_1223/PPL-1223/test/class17/13.jpg,data/raw/PPL/test/class17_oolite/13.jpg,493016,18d2dd5c3b7541fa0d1dd242f68743fc36ab8e63ecfb2e93a3a251c1d0854e49
10.5281/zenodo.18061204,class17,Oolite,test,16,PPL,carbonate_1223/PPL-1223/test/class17/16.jpg,data/raw/PPL/test/class17_oolite/16.jpg,472584,93f4708f127726804e6ef22917c900a9b07232feaf138b412233e57c27f027c1
10.5281/zenodo.18061204,class17,Oolite,test,20,PPL,carbonate_1223/PPL-1223/test/class17/20.jpg,data/raw/PPL/test/class17_oolite/20.jpg,512196,9296eaccb429d713da56104f2413639a6666b58b29a639f235209223e6eb7808
10.5281/zenodo.18061204,class17,Oolite,test,7,PPL,carbonate_1223/PPL-1223/test/class17/7.jpg,data/raw/PPL/test/class17_oolite/7.jpg,588051,f995b6d8d5565eed5ef1f410b6981ef600f8243309395a669fa790711ab14bb3
10.5281/zenodo.18061204,class22,Pore,test,Vug.114,PPL,carbonate_1223/PPL-1223/test/class22/Vug.114.jpg,data/raw/PPL/test/class22_pore/Vug.114.jpg,786869,d406b7630718f300b43d3ef71ed3350a9b75cd5f3c94b6aa274d7ac57f27bb52
10.5281/zenodo.18061204,class22,Pore,test,Vug.527,PPL,carbonate_1223/PPL-1223/test/class22/Vug.527.jpg,data/raw/PPL/test/class22_pore/Vug.527.jpg,899613,e46427bfe979a9755930b060d198a401850bd57e8bbb212f720f9612afe3f39f
10.5281/zenodo.18061204,class22,Pore,test,Vug.560,PPL,carbonate_1223/PPL-1223/test/class22/Vug.560.jpg,data/raw/PPL/test/class22_pore/Vug.560.jpg,810358,a2937de8092ad42c412e5381fded26584dae619c19b441cff622444f9ec78f47
10.5281/zenodo.18061204,class22,Pore,test,Vug.598,PPL,carbonate_1223/PPL-1223/test/class22/Vug.598.jpg,data/raw/PPL/test/class22_pore/Vug.598.jpg,711386,a82b4539368a4c1cd1467b2d9d3160a0070fb0135318356f65e5988e5ea9e246
10.5281/zenodo.18061204,class22,Pore,test,Vug.824,PPL,carbonate_1223/PPL-1223/test/class22/Vug.824.jpg,data/raw/PPL/test/class22_pore/Vug.824.jpg,428627,f747c7f2d0a05859ba1b5cdfbdc5df57790cea3de4640f8f1c973f00719513fb
10.5281/zenodo.18061204,class10,Cemented fracture,train,Fracture.1002,PPL,carbonate_1223/PPL-1223/train/class10/Fracture.1002.jpg,data/raw/PPL/train/class10_cemented_fracture/Fracture.1002.jpg,650952,0a13b8e4de50541812aa2418413f553f124d9608e2b6357d904652283a7d11a6
10.5281/zenodo.18061204,class10,Cemented fracture,train,Fracture.1047,PPL,carbonate_1223/PPL-1223/train/class10/Fracture.1047.jpg,data/raw/PPL/train/class10_cemented_fracture/Fracture.1047.jpg,557364,5b205fb482f2464083d11e85c5635790da4762e3055808b39a218fcfab8f66e2
10.5281/zenodo.18061204,class10,Cemented fracture,train,Fracture.1072,PPL,carbonate_1223/PPL-1223/train/class10/Fracture.1072.jpg,data/raw/PPL/train/class10_cemented_fracture/Fracture.1072.jpg,424470,4a5768dbb57935acf24903509238f10137bb2b5ba8b06f09324acb3ec61ecc4e
10.5281/zenodo.18061204,class10,Cemented fracture,train,Fracture.1116,PPL,carbonate_1223/PPL-1223/train/class10/Fracture.1116.jpg,data/raw/PPL/train/class10_cemented_fracture/Fracture.1116.jpg,618976,5167e1abaad211fdc4eb9dfd72082d9bc8b40a7ddb7543ed7b59a9e392cc5a9a
10.5281/zenodo.18061204,class10,Cemented fracture,train,Fracture.118,PPL,carbonate_1223/PPL-1223/train/class10/Fracture.118.jpg,data/raw/PPL/train/class10_cemented_fracture/Fracture.118.jpg,801295,046f4191d1120a426afbabbcae7bdae66a36c28fc62bff8a97cff293e39c83a5
10.5281/zenodo.18061204,class10,Cemented fracture,train,Fracture.370,PPL,carbonate_1223/PPL-1223/train/class10/Fracture.370.jpg,data/raw/PPL/train/class10_cemented_fracture/Fracture.370.jpg,568581,be41772101d073a3905a27233fb415b7e25a745932e5319ff9ab52aed07b63e3
10.5281/zenodo.18061204,class10,Cemented fracture,train,Fracture.383,PPL,carbonate_1223/PPL-1223/train/class10/Fracture.383.jpg,data/raw/PPL/train/class10_cemented_fracture/Fracture.383.jpg,711402,062c4f8e204f2f3112cf701f5c0e6125b7397c87c9234b8662ddc2b71b0abbb8
10.5281/zenodo.18061204,class10,Cemented fracture,train,Fracture.399,PPL,carbonate_1223/PPL-1223/train/class10/Fracture.399.jpg,data/raw/PPL/train/class10_cemented_fracture/Fracture.399.jpg,564362,60ed558954215e8c154e2e03d16451c64367392255ca74af067809bc82db6d45
10.5281/zenodo.18061204,class10,Cemented fracture,train,Fracture.402,PPL,carbonate_1223/PPL-1223/train/class10/Fracture.402.jpg,data/raw/PPL/train/class10_cemented_fracture/Fracture.402.jpg,561469,cc041f42d5c9d9dd901ae4d0ff3526051f1a9ee401afd265ebb80ad79e49b693
10.5281/zenodo.18061204,class10,Cemented fracture,train,Fracture.442,PPL,carbonate_1223/PPL-1223/train/class10/Fracture.442.jpg,data/raw/PPL/train/class10_cemented_fracture/Fracture.442.jpg,607872,7390ffd93b430bc73fa5235027831dc33e75fe3eef935fff8f8cc630c55a7fbc
10.5281/zenodo.18061204,class10,Cemented fracture,train,Fracture.465,PPL,carbonate_1223/PPL-1223/train/class10/Fracture.465.jpg,data/raw/PPL/train/class10_cemented_fracture/Fracture.465.jpg,515047,75618f4c1a330c913cbe86d604b449a675a1ea769df511d1e6750ec72516d351
10.5281/zenodo.18061204,class10,Cemented fracture,train,Fracture.531,PPL,carbonate_1223/PPL-1223/train/class10/Fracture.531.jpg,data/raw/PPL/train/class10_cemented_fracture/Fracture.531.jpg,339135,9f72299dbde74f30bd548c8313900753547155801a076f6bce561dfca0e15a22
10.5281/zenodo.18061204,class10,Cemented fracture,train,Fracture.595,PPL,carbonate_1223/PPL-1223/train/class10/Fracture.595.jpg,data/raw/PPL/train/class10_cemented_fracture/Fracture.595.jpg,609174,130729da95c2b479d85ac7f6564a6f4d2b08b236ec80a8fe6d104d530a626866
10.5281/zenodo.18061204,class10,Cemented fracture,train,Fracture.597,PPL,carbonate_1223/PPL-1223/train/class10/Fracture.597.jpg,data/raw/PPL/train/class10_cemented_fracture/Fracture.597.jpg,398950,46f5b98d2fecf2bc623d7c0aa5dca99f3b29408b2257f90553835b0f9b17c6ad
10.5281/zenodo.18061204,class10,Cemented fracture,train,Fracture.601,PPL,carbonate_1223/PPL-1223/train/class10/Fracture.601.jpg,data/raw/PPL/train/class10_cemented_fracture/Fracture.601.jpg,621464,0ccc8efd21f263cb05614027eb5b5935020e838c20ca32d682da983261c42c54
10.5281/zenodo.18061204,class10,Cemented fracture,train,Fracture.608,PPL,carbonate_1223/PPL-1223/train/class10/Fracture.608.jpg,data/raw/PPL/train/class10_cemented_fracture/Fracture.608.jpg,641526,e8eb6001905a3c9ec202016a67ed3fd0c7680617a6a3ecdabae9393e70f68285
10.5281/zenodo.18061204,class10,Cemented fracture,train,Fracture.622,PPL,carbonate_1223/PPL-1223/train/class10/Fracture.622.jpg,data/raw/PPL/train/class10_cemented_fracture/Fracture.622.jpg,316966,81cefcf733cfbdab4cf66d855b2f34c436d2bd81af79c5c297afcdf956d86398
10.5281/zenodo.18061204,class10,Cemented fracture,train,Fracture.638,PPL,carbonate_1223/PPL-1223/train/class10/Fracture.638.jpg,data/raw/PPL/train/class10_cemented_fracture/Fracture.638.jpg,687108,91dc7f6e1ba71151537bb658f95b8be151d0e10cbbe0731b225ab604d3a466e5
10.5281/zenodo.18061204,class10,Cemented fracture,train,Fracture.642,PPL,carbonate_1223/PPL-1223/train/class10/Fracture.642.jpg,data/raw/PPL/train/class10_cemented_fracture/Fracture.642.jpg,518551,a1787ccddebfe0589bb7c801063e8668c4753d7efc073d840fc9eb957668d3bd
10.5281/zenodo.18061204,class10,Cemented fracture,train,Fracture.643,PPL,carbonate_1223/PPL-1223/train/class10/Fracture.643.jpg,data/raw/PPL/train/class10_cemented_fracture/Fracture.643.jpg,607750,1cdec7b4e80de74e2aa173c05cf3b54fcb8047f4346d053eac4922a09903846c
10.5281/zenodo.18061204,class10,Cemented fracture,train,Fracture.650,PPL,carbonate_1223/PPL-1223/train/class10/Fracture.650.jpg,data/raw/PPL/train/class10_cemented_fracture/Fracture.650.jpg,713326,4546c0f7f3ec1df85e0f5870d0dd3c8fb85b25fca2be9d5e5e216eae0c23f456
10.5281/zenodo.18061204,class10,Cemented fracture,train,Fracture.653,PPL,carbonate_1223/PPL-1223/train/class10/Fracture.653.jpg,data/raw/PPL/train/class10_cemented_fracture/Fracture.653.jpg,648407,ae28ca994c6f78a2fcb7b17ffdb3ee699ed0138ff20982e10ed55187db93663a
10.5281/zenodo.18061204,class10,Cemented fracture,train,Fracture.741,PPL,carbonate_1223/PPL-1223/train/class10/Fracture.741.jpg,data/raw/PPL/train/class10_cemented_fracture/Fracture.741.jpg,669785,4efa92d1a31f4eb1c6c9efdbf328ffdbdaa8aa340576b01286f547eb4d30e038
10.5281/zenodo.18061204,class10,Cemented fracture,train,Fracture.765,PPL,carbonate_1223/PPL-1223/train/class10/Fracture.765.jpg,data/raw/PPL/train/class10_cemented_fracture/Fracture.765.jpg,644581,9c114c3f8e224ac5d1789ccf7e3765db5a393c999ed62427bf070cbc2d4e00e1
10.5281/zenodo.18061204,class10,Cemented fracture,train,Fracture.793,PPL,carbonate_1223/PPL-1223/train/class10/Fracture.793.jpg,data/raw/PPL/train/class10_cemented_fracture/Fracture.793.jpg,671786,c7687c5e1aded1cb69472824fc89828dcc227da48ec0d4f973330729f1b26aaf
10.5281/zenodo.18061204,class10,Cemented fracture,train,Fracture.796,PPL,carbonate_1223/PPL-1223/train/class10/Fracture.796.jpg,data/raw/PPL/train/class10_cemented_fracture/Fracture.796.jpg,552558,c73c082b2919678b0897d3cc0d69657a3ca621eaa36c9cc54ee4e94d9335af48
10.5281/zenodo.18061204,class10,Cemented fracture,train,Fracture.805,PPL,carbonate_1223/PPL-1223/train/class10/Fracture.805.jpg,data/raw/PPL/train/class10_cemented_fracture/Fracture.805.jpg,740256,36b73051047dce6d82755ad6160df48d40a48df403cef93ab7a7b3ff4f15dd76
10.5281/zenodo.18061204,class10,Cemented fracture,train,Fracture.850,PPL,carbonate_1223/PPL-1223/train/class10/Fracture.850.jpg,data/raw/PPL/train/class10_cemented_fracture/Fracture.850.jpg,512232,c054aebbd11c5387ee91cfd996830bbaabed70d868b45ed2e617d760459d573f
10.5281/zenodo.18061204,class10,Cemented fracture,train,Fracture.876,PPL,carbonate_1223/PPL-1223/train/class10/Fracture.876.jpg,data/raw/PPL/train/class10_cemented_fracture/Fracture.876.jpg,650410,ae92b210d2f6fd881147d067f1056526539174d40452b545365e3de31a169447
10.5281/zenodo.18061204,class10,Cemented fracture,train,Fracture.9,PPL,carbonate_1223/PPL-1223/train/class10/Fracture.9.jpg,data/raw/PPL/train/class10_cemented_fracture/Fracture.9.jpg,491765,4e9381c84ac784e3000132925e1a7b1cbebe3c340e412988d5618e9688aa81e5
10.5281/zenodo.18061204,class13,Micritic limestone,train,Micritic_limestone.1022,PPL,carbonate_1223/PPL-1223/train/class13/Micritic_limestone.1022.jpg,data/raw/PPL/train/class13_micritic_limestone/Micritic_limestone.1022.jpg,579038,cd204101831790a659d17d495b10f3aa1dcec1b2c78cbb333c91db6c47331c5f
10.5281/zenodo.18061204,class13,Micritic limestone,train,Micritic_limestone.1189,PPL,carbonate_1223/PPL-1223/train/class13/Micritic_limestone.1189.jpg,data/raw/PPL/train/class13_micritic_limestone/Micritic_limestone.1189.jpg,531238,d060cd3039f5561cdf1ec6c6c4f9988df6043753111010462e369235ec444ef6
10.5281/zenodo.18061204,class13,Micritic limestone,train,Micritic_limestone.1267,PPL,carbonate_1223/PPL-1223/train/class13/Micritic_limestone.1267.jpg,data/raw/PPL/train/class13_micritic_limestone/Micritic_limestone.1267.jpg,712546,ba6e4ce44b2ee2fefe4f693c919a2f78a30c999a2fe240a2d5e93b5e5ad278a3
10.5281/zenodo.18061204,class13,Micritic limestone,train,Micritic_limestone.1278,PPL,carbonate_1223/PPL-1223/train/class13/Micritic_limestone.1278.jpg,data/raw/PPL/train/class13_micritic_limestone/Micritic_limestone.1278.jpg,594336,db4dfd5ab17f64dd22495510fe6837f8305efc9262a93dff4ad87f76c449b1e3
10.5281/zenodo.18061204,class13,Micritic limestone,train,Micritic_limestone.1403,PPL,carbonate_1223/PPL-1223/train/class13/Micritic_limestone.1403.jpg,data/raw/PPL/train/class13_micritic_limestone/Micritic_limestone.1403.jpg,634747,e6c43f2dfaf03f5ad0e134adbe928495d40a4af792e09aa9b7408eebeb38ea9d
10.5281/zenodo.18061204,class13,Micritic limestone,train,Micritic_limestone.1410,PPL,carbonate_1223/PPL-1223/train/class13/Micritic_limestone.1410.jpg,data/raw/PPL/train/class13_micritic_limestone/Micritic_limestone.1410.jpg,569747,c2aeb81d8b96d49eccc358d9e5d47e170ffa2f401cf1e20bfec3675f9f0ae5a2
10.5281/zenodo.18061204,class13,Micritic limestone,train,Micritic_limestone.153,PPL,carbonate_1223/PPL-1223/train/class13/Micritic_limestone.153.jpg,data/raw/PPL/train/class13_micritic_limestone/Micritic_limestone.153.jpg,510053,ee0dcad39c867971f5019d18b4afb098db71ee3e42b237fb52d63e2d25782344
10.5281/zenodo.18061204,class13,Micritic limestone,train,Micritic_limestone.1548,PPL,carbonate_1223/PPL-1223/train/class13/Micritic_limestone.1548.jpg,data/raw/PPL/train/class13_micritic_limestone/Micritic_limestone.1548.jpg,798304,df5f44088ea6ee63fd11ad7c413eff12f653bcc85a819e68a5c5e36849ad6750
10.5281/zenodo.18061204,class13,Micritic limestone,train,Micritic_limestone.1737,PPL,carbonate_1223/PPL-1223/train/class13/Micritic_limestone.1737.jpg,data/raw/PPL/train/class13_micritic_limestone/Micritic_limestone.1737.jpg,468510,f04e3247af4a1ca59eeee1051774fcaefaa15fcc4945619de0d68c0dbfd6f8a5
10.5281/zenodo.18061204,class13,Micritic limestone,train,Micritic_limestone.174,PPL,carbonate_1223/PPL-1223/train/class13/Micritic_limestone.174.jpg,data/raw/PPL/train/class13_micritic_limestone/Micritic_limestone.174.jpg,482696,79de9a4da9d1153eaa7ba07e782efc645c2402470e52d4d3ec7a506809ba9822
10.5281/zenodo.18061204,class13,Micritic limestone,train,Micritic_limestone.1823,PPL,carbonate_1223/PPL-1223/train/class13/Micritic_limestone.1823.jpg,data/raw/PPL/train/class13_micritic_limestone/Micritic_limestone.1823.jpg,500547,e33c5e941106dff07d399e88bcc04bdcd32fc2bfe024743e053a2017adec3a7b
10.5281/zenodo.18061204,class13,Micritic limestone,train,Micritic_limestone.20,PPL,carbonate_1223/PPL-1223/train/class13/Micritic_limestone.20.jpg,data/raw/PPL/train/class13_micritic_limestone/Micritic_limestone.20.jpg,591458,6614323885eb4d2428dd7ccc183e1b89242507de51d13babbde695affda68ee2
10.5281/zenodo.18061204,class13,Micritic limestone,train,Micritic_limestone.2118,PPL,carbonate_1223/PPL-1223/train/class13/Micritic_limestone.2118.jpg,data/raw/PPL/train/class13_micritic_limestone/Micritic_limestone.2118.jpg,569177,cba0c96c514cc1999edba6243b4b318ee5352b1d68e48fddbb9213df81f1a97b
10.5281/zenodo.18061204,class13,Micritic limestone,train,Micritic_limestone.2209,PPL,carbonate_1223/PPL-1223/train/class13/Micritic_limestone.2209.jpg,data/raw/PPL/train/class13_micritic_limestone/Micritic_limestone.2209.jpg,528031,a8975f8d7a2dc81000f8aca5496df52061f78d9792475202cb6d14bcb40c7759
10.5281/zenodo.18061204,class13,Micritic limestone,train,Micritic_limestone.2460,PPL,carbonate_1223/PPL-1223/train/class13/Micritic_limestone.2460.jpg,data/raw/PPL/train/class13_micritic_limestone/Micritic_limestone.2460.jpg,935121,6a661e55dfcf7672b3ec1fc717fe3301ddcb5ccece6e3e515126b796919f5526
10.5281/zenodo.18061204,class13,Micritic limestone,train,Micritic_limestone.2485,PPL,carbonate_1223/PPL-1223/train/class13/Micritic_limestone.2485.jpg,data/raw/PPL/train/class13_micritic_limestone/Micritic_limestone.2485.jpg,842776,90d1693a595a6e4cdd9e765eb7260015fe8f01cb1a51455835860d57609237a7
10.5281/zenodo.18061204,class13,Micritic limestone,train,Micritic_limestone.2486,PPL,carbonate_1223/PPL-1223/train/class13/Micritic_limestone.2486.jpg,data/raw/PPL/train/class13_micritic_limestone/Micritic_limestone.2486.jpg,828810,fc1019039b881e33e5a0c816b7728263ad9375f81da9f524e8cf31261ab7696d
10.5281/zenodo.18061204,class13,Micritic limestone,train,Micritic_limestone.2564,PPL,carbonate_1223/PPL-1223/train/class13/Micritic_limestone.2564.jpg,data/raw/PPL/train/class13_micritic_limestone/Micritic_limestone.2564.jpg,856270,b5f5876684ac276e435261b12678dd3ca523e544a271e4eae451390e0baefd85
10.5281/zenodo.18061204,class13,Micritic limestone,train,Micritic_limestone.2586,PPL,carbonate_1223/PPL-1223/train/class13/Micritic_limestone.2586.jpg,data/raw/PPL/train/class13_micritic_limestone/Micritic_limestone.2586.jpg,756947,50a27e485ad7040a4ccfb6508acbd1f4dbb638b6908151df6e7095f42cc65be2
10.5281/zenodo.18061204,class13,Micritic limestone,train,Micritic_limestone.2648,PPL,carbonate_1223/PPL-1223/train/class13/Micritic_limestone.2648.jpg,data/raw/PPL/train/class13_micritic_limestone/Micritic_limestone.2648.jpg,751040,59ad18a64fa8be221bf48fa46992a31bcb89ae8a45c1c38e812046af4d9ceecb
10.5281/zenodo.18061204,class13,Micritic limestone,train,Micritic_limestone.2669,PPL,carbonate_1223/PPL-1223/train/class13/Micritic_limestone.2669.jpg,data/raw/PPL/train/class13_micritic_limestone/Micritic_limestone.2669.jpg,831104,e3ecee70e2fe10436aa7c4ab30a8636ebd573b4059973b023e92fddd83477d97
10.5281/zenodo.18061204,class13,Micritic limestone,train,Micritic_limestone.2697,PPL,carbonate_1223/PPL-1223/train/class13/Micritic_limestone.2697.jpg,data/raw/PPL/train/class13_micritic_limestone/Micritic_limestone.2697.jpg,602023,7e981a6edc960b652cdced71f31cf40b756db859bdb578cb4dddccdb6fd0b652
10.5281/zenodo.18061204,class13,Micritic limestone,train,Micritic_limestone.2836,PPL,carbonate_1223/PPL-1223/train/class13/Micritic_limestone.2836.jpg,data/raw/PPL/train/class13_micritic_limestone/Micritic_limestone.2836.jpg,642496,989a96fbde13c7e877c51d7720ce82b202373b501618e045b286e68d36bdc8fc
10.5281/zenodo.18061204,class13,Micritic limestone,train,Micritic_limestone.2884,PPL,carbonate_1223/PPL-1223/train/class13/Micritic_limestone.2884.jpg,data/raw/PPL/train/class13_micritic_limestone/Micritic_limestone.2884.jpg,495546,d8a3be2d6986cd7d0f73eb16404499bd902c9a8ff6f0c74e4300e72059d70ae1
10.5281/zenodo.18061204,class13,Micritic limestone,train,Micritic_limestone.2959,PPL,carbonate_1223/PPL-1223/train/class13/Micritic_limestone.2959.jpg,data/raw/PPL/train/class13_micritic_limestone/Micritic_limestone.2959.jpg,519216,3e35beedf550e8689bc2a8c495bcbe7463b5f671e62d27e0f54e03f1aee260a2
10.5281/zenodo.18061204,class13,Micritic limestone,train,Micritic_limestone.34,PPL,carbonate_1223/PPL-1223/train/class13/Micritic_limestone.34.jpg,data/raw/PPL/train/class13_micritic_limestone/Micritic_limestone.34.jpg,340166,30fc173f3ef1cfee94aee23871863225050ef29409b2bff674158004208c154f
10.5281/zenodo.18061204,class13,Micritic limestone,train,Micritic_limestone.379,PPL,carbonate_1223/PPL-1223/train/class13/Micritic_limestone.379.jpg,data/raw/PPL/train/class13_micritic_limestone/Micritic_limestone.379.jpg,834419,470b52619d5b5d037ab791ab4781ff4899eeda9018341e5ada4faf59a0ce463d
10.5281/zenodo.18061204,class13,Micritic limestone,train,Micritic_limestone.403,PPL,carbonate_1223/PPL-1223/train/class13/Micritic_limestone.403.jpg,data/raw/PPL/train/class13_micritic_limestone/Micritic_limestone.403.jpg,584884,bd3baf308c20cf7ea0e679a9b4b73421db01c90d600ff33807ffae0966dc5a4f
10.5281/zenodo.18061204,class13,Micritic limestone,train,Micritic_limestone.758,PPL,carbonate_1223/PPL-1223/train/class13/Micritic_limestone.758.jpg,data/raw/PPL/train/class13_micritic_limestone/Micritic_limestone.758.jpg,716726,39b6c007a2f7c0b25226d324733862e7ab752e5ac9ab20aac8683dfeaa3313ef
10.5281/zenodo.18061204,class13,Micritic limestone,train,Micritic_limestone.759,PPL,carbonate_1223/PPL-1223/train/class13/Micritic_limestone.759.jpg,data/raw/PPL/train/class13_micritic_limestone/Micritic_limestone.759.jpg,751950,73b34165e47e2df08f925e2d72c2d208dc31890fa0373949adf63dfec8ffad92
10.5281/zenodo.18061204,class17,Oolite,train,Oolitic.100,PPL,carbonate_1223/PPL-1223/train/class17/Oolitic.100.jpg,data/raw/PPL/train/class17_oolite/Oolitic.100.jpg,477322,ad71c266652757a062a61864fe9832d84d4d874c1c41f74da5ec5c42235bdbbe
10.5281/zenodo.18061204,class17,Oolite,train,Oolitic.102,PPL,carbonate_1223/PPL-1223/train/class17/Oolitic.102.jpg,data/raw/PPL/train/class17_oolite/Oolitic.102.jpg,504563,340e689462697f64df9fa189062d5d112012373663746a8a40a3b557ce8c2066
10.5281/zenodo.18061204,class17,Oolite,train,Oolitic.103,PPL,carbonate_1223/PPL-1223/train/class17/Oolitic.103.jpg,data/raw/PPL/train/class17_oolite/Oolitic.103.jpg,463626,2eba218de8e3880845f220940cb4e9325b05595868bacba605532ce23167b504
10.5281/zenodo.18061204,class17,Oolite,train,Oolitic.11,PPL,carbonate_1223/PPL-1223/train/class17/Oolitic.11.jpg,data/raw/PPL/train/class17_oolite/Oolitic.11.jpg,594020,7ee88f57509201659bd90af3be11dfb1c5e0766c5805f3538838c3c8951e4877
10.5281/zenodo.18061204,class17,Oolite,train,Oolitic.115,PPL,carbonate_1223/PPL-1223/train/class17/Oolitic.115.jpg,data/raw/PPL/train/class17_oolite/Oolitic.115.jpg,548702,9f62a9e9fbfd54fcf47345006438001468ec3090b3cffb4f416b8d59ce8b74bc
10.5281/zenodo.18061204,class17,Oolite,train,Oolitic.116,PPL,carbonate_1223/PPL-1223/train/class17/Oolitic.116.jpg,data/raw/PPL/train/class17_oolite/Oolitic.116.jpg,495720,2a90fa3dd9243f61635ad918ac1c751edd32671d175de5724e3886deb09caaa9
10.5281/zenodo.18061204,class17,Oolite,train,Oolitic.129,PPL,carbonate_1223/PPL-1223/train/class17/Oolitic.129.jpg,data/raw/PPL/train/class17_oolite/Oolitic.129.jpg,634326,f69dfaf43b37725b2f114753725624e4bbfa5e170aa4b2e7e89457384bc8291e
10.5281/zenodo.18061204,class17,Oolite,train,Oolitic.137,PPL,carbonate_1223/PPL-1223/train/class17/Oolitic.137.jpg,data/raw/PPL/train/class17_oolite/Oolitic.137.jpg,701034,dcbe06b10c7966832e1ad2f7007ade8662799cf93999559a5273d385b1de2d5b
10.5281/zenodo.18061204,class17,Oolite,train,Oolitic.139,PPL,carbonate_1223/PPL-1223/train/class17/Oolitic.139.jpg,data/raw/PPL/train/class17_oolite/Oolitic.139.jpg,798181,470ff6861699458226181b1ae21addac704f7dfbabd924dfcff46c05501daffd
10.5281/zenodo.18061204,class17,Oolite,train,Oolitic.142,PPL,carbonate_1223/PPL-1223/train/class17/Oolitic.142.jpg,data/raw/PPL/train/class17_oolite/Oolitic.142.jpg,758389,f4be6c88fb395412f93dccd12625ab4ad9c7e14c3dc13ab2b14c40979ae76cb2
10.5281/zenodo.18061204,class17,Oolite,train,Oolitic.147,PPL,carbonate_1223/PPL-1223/train/class17/Oolitic.147.jpg,data/raw/PPL/train/class17_oolite/Oolitic.147.jpg,893862,a5a7940ca49ce2c4f5fe1dd256da52cfa606df3eb8a4b0235889f1f81a6d3ca0
10.5281/zenodo.18061204,class17,Oolite,train,Oolitic.15,PPL,carbonate_1223/PPL-1223/train/class17/Oolitic.15.jpg,data/raw/PPL/train/class17_oolite/Oolitic.15.jpg,841224,633418a4ea0f358716f185ddfa13a901090526909ccf499dc5f6ef730056ea67
10.5281/zenodo.18061204,class17,Oolite,train,Oolitic.17,PPL,carbonate_1223/PPL-1223/train/class17/Oolitic.17.jpg,data/raw/PPL/train/class17_oolite/Oolitic.17.jpg,532510,bdf5ac16400a98ab18a19d3dc8ef8ae5d75fccf3dc303abdf5578038e2e5d206
10.5281/zenodo.18061204,class17,Oolite,train,Oolitic.18,PPL,carbonate_1223/PPL-1223/train/class17/Oolitic.18.jpg,data/raw/PPL/train/class17_oolite/Oolitic.18.jpg,524709,3c779ae2d08438b5cc2b2be113783651197a7d71ad6fa76a7f7ea30101ce4ba3
10.5281/zenodo.18061204,class17,Oolite,train,Oolitic.20,PPL,carbonate_1223/PPL-1223/train/class17/Oolitic.20.jpg,data/raw/PPL/train/class17_oolite/Oolitic.20.jpg,583401,e0b1044ffb37dfdfab11a8afad17da96a1a9a19560521ae3386ddcc7e763e889
10.5281/zenodo.18061204,class17,Oolite,train,Oolitic.25,PPL,carbonate_1223/PPL-1223/train/class17/Oolitic.25.jpg,data/raw/PPL/train/class17_oolite/Oolitic.25.jpg,583859,a31d5a3ea5987f96b46b1e433fe659ddca7ff0c3b4a21b17472348a30f692c79
10.5281/zenodo.18061204,class17,Oolite,train,Oolitic.27,PPL,carbonate_1223/PPL-1223/train/class17/Oolitic.27.jpg,data/raw/PPL/train/class17_oolite/Oolitic.27.jpg,582812,e8e4daae064fc74e3e7083a0206a7618a665df64b25db1e3d154ab25dbaebcc9
10.5281/zenodo.18061204,class17,Oolite,train,Oolitic.3,PPL,carbonate_1223/PPL-1223/train/class17/Oolitic.3.jpg,data/raw/PPL/train/class17_oolite/Oolitic.3.jpg,835171,8c157109acfb1b00bf83dc7fe0610700ca017bd70ca8227ad5d677be333c0045
10.5281/zenodo.18061204,class17,Oolite,train,Oolitic.31,PPL,carbonate_1223/PPL-1223/train/class17/Oolitic.31.jpg,data/raw/PPL/train/class17_oolite/Oolitic.31.jpg,535660,3fbf548594c5806a299e3822c9559f6e00a2ed56d02b46d1ed765e150662c208
10.5281/zenodo.18061204,class17,Oolite,train,Oolitic.5,PPL,carbonate_1223/PPL-1223/train/class17/Oolitic.5.jpg,data/raw/PPL/train/class17_oolite/Oolitic.5.jpg,809109,2b9e91e719dde148b39c84f7fee1392a2a0dbea7cf214d94c16bfb74a702dd44
10.5281/zenodo.18061204,class17,Oolite,train,Oolitic.61,PPL,carbonate_1223/PPL-1223/train/class17/Oolitic.61.jpg,data/raw/PPL/train/class17_oolite/Oolitic.61.jpg,551694,f88952954c769036f6452c84eec547626d386645fbcbd20ee7e7ff8400958f3e
10.5281/zenodo.18061204,class17,Oolite,train,Oolitic.63,PPL,carbonate_1223/PPL-1223/train/class17/Oolitic.63.jpg,data/raw/PPL/train/class17_oolite/Oolitic.63.jpg,67061,c50e0451a8df0f48a773fcfe3009a64213f7d82ca86ac0767e2109dcdc12a340
10.5281/zenodo.18061204,class17,Oolite,train,Oolitic.65,PPL,carbonate_1223/PPL-1223/train/class17/Oolitic.65.jpg,data/raw/PPL/train/class17_oolite/Oolitic.65.jpg,540533,56c9368529e3462d9deb9c7b82bf8a88cca8662fe7a9019f67d621104930eb7a
10.5281/zenodo.18061204,class17,Oolite,train,Oolitic.66,PPL,carbonate_1223/PPL-1223/train/class17/Oolitic.66.jpg,data/raw/PPL/train/class17_oolite/Oolitic.66.jpg,517166,f0533081e3c396375e23168fa9ecc75a035effdc9ce9704903c98726cd9caa49
10.5281/zenodo.18061204,class17,Oolite,train,Oolitic.76,PPL,carbonate_1223/PPL-1223/train/class17/Oolitic.76.jpg,data/raw/PPL/train/class17_oolite/Oolitic.76.jpg,546547,2d44ef9afc9528f23b71a174b536805301d0ff1d3fc940c0f27fcccf214eea06
10.5281/zenodo.18061204,class17,Oolite,train,Oolitic.88,PPL,carbonate_1223/PPL-1223/train/class17/Oolitic.88.jpg,data/raw/PPL/train/class17_oolite/Oolitic.88.jpg,486121,ae48b092c90a31b09b8ee4a0d7cb32dbb6e01cf489eb08e5f2e9f7ecd0da8b10
10.5281/zenodo.18061204,class17,Oolite,train,Oolitic.9,PPL,carbonate_1223/PPL-1223/train/class17/Oolitic.9.jpg,data/raw/PPL/train/class17_oolite/Oolitic.9.jpg,556337,1e62a06dd26f7bb9c1d31352664372e4a82eb5fabd4bcbc70cac84982affea83
10.5281/zenodo.18061204,class17,Oolite,train,Oolitic.93,PPL,carbonate_1223/PPL-1223/train/class17/Oolitic.93.jpg,data/raw/PPL/train/class17_oolite/Oolitic.93.jpg,515595,42a3f51174635a8a1b40a0ff7ccda01915e7a102580a3592330e7a9d8dcbda6b
10.5281/zenodo.18061204,class17,Oolite,train,Oolitic.97,PPL,carbonate_1223/PPL-1223/train/class17/Oolitic.97.jpg,data/raw/PPL/train/class17_oolite/Oolitic.97.jpg,512044,7298977269e69e71874463e8acdb6fe46d34b4c3b1692e20210487208c8f31ab
10.5281/zenodo.18061204,class17,Oolite,train,Oolitic.99,PPL,carbonate_1223/PPL-1223/train/class17/Oolitic.99.jpg,data/raw/PPL/train/class17_oolite/Oolitic.99.jpg,479482,580ba8752a0136e835eab90726e466b5f0074c91efba42b9852bd193aca53a73
10.5281/zenodo.18061204,class22,Pore,train,Vug.1770,PPL,carbonate_1223/PPL-1223/train/class22/Vug.1770.jpg,data/raw/PPL/train/class22_pore/Vug.1770.jpg,742961,caa02569278f1f0836ce8ab6fa1e339b1357286811e2c8451046c329a31fa522
10.5281/zenodo.18061204,class22,Pore,train,Vug.1798,PPL,carbonate_1223/PPL-1223/train/class22/Vug.1798.jpg,data/raw/PPL/train/class22_pore/Vug.1798.jpg,585860,eb532777df444b71348f92c19a644064c82a6c6277ec9280bfaf7b54d5a88ee2
10.5281/zenodo.18061204,class22,Pore,train,Vug.1946,PPL,carbonate_1223/PPL-1223/train/class22/Vug.1946.jpg,data/raw/PPL/train/class22_pore/Vug.1946.jpg,702531,14b4d73fc3d46ef1a5287e238ac077a480a115bdfc4fc0d77c5a977c11cfc62c
10.5281/zenodo.18061204,class22,Pore,train,Vug.1971,PPL,carbonate_1223/PPL-1223/train/class22/Vug.1971.jpg,data/raw/PPL/train/class22_pore/Vug.1971.jpg,437649,bc7335d6cac7835464d84c4dcced19c6d7bad3fe54b6702ee06c15ed5ac00d4a
10.5281/zenodo.18061204,class22,Pore,train,Vug.1975,PPL,carbonate_1223/PPL-1223/train/class22/Vug.1975.jpg,data/raw/PPL/train/class22_pore/Vug.1975.jpg,818703,f85ecc39f58c43bf0388ee26025028f20238ce547c554dfae3482260cc62bc3a
10.5281/zenodo.18061204,class22,Pore,train,Vug.1978,PPL,carbonate_1223/PPL-1223/train/class22/Vug.1978.jpg,data/raw/PPL/train/class22_pore/Vug.1978.jpg,768538,9956998cf567b00873701c470ef9fb851085d7f81b233e8645f4e9d59029b798
10.5281/zenodo.18061204,class22,Pore,train,Vug.2399,PPL,carbonate_1223/PPL-1223/train/class22/Vug.2399.jpg,data/raw/PPL/train/class22_pore/Vug.2399.jpg,769172,963907b404fbfab58101bde910f534c0c29ecb20701b8ff0b49331d86a931af1
10.5281/zenodo.18061204,class22,Pore,train,Vug.250,PPL,carbonate_1223/PPL-1223/train/class22/Vug.250.jpg,data/raw/PPL/train/class22_pore/Vug.250.jpg,664814,40726a275612d142b21758bb7f45788e8664f865402555f943396ec3cb155e6f
10.5281/zenodo.18061204,class22,Pore,train,Vug.2501,PPL,carbonate_1223/PPL-1223/train/class22/Vug.2501.jpg,data/raw/PPL/train/class22_pore/Vug.2501.jpg,630358,3e7567d84967979ce507583c8f7ffd17174dfe6fcc21d230903ad2b438d39e47
10.5281/zenodo.18061204,class22,Pore,train,Vug.2629,PPL,carbonate_1223/PPL-1223/train/class22/Vug.2629.jpg,data/raw/PPL/train/class22_pore/Vug.2629.jpg,606976,39f59a7d39303879ce5584af9150474e7877db159611fb26795a86924197e138
10.5281/zenodo.18061204,class22,Pore,train,Vug.284,PPL,carbonate_1223/PPL-1223/train/class22/Vug.284.jpg,data/raw/PPL/train/class22_pore/Vug.284.jpg,455129,a80aa73e7875b957b826260e7ace93b8ddfd4b5a26fc70e74f977698afebabde
10.5281/zenodo.18061204,class22,Pore,train,Vug.2987,PPL,carbonate_1223/PPL-1223/train/class22/Vug.2987.jpg,data/raw/PPL/train/class22_pore/Vug.2987.jpg,612366,6b21be9669c382dac10bf9d3832e7523c3f3ea565e91d48c0d945c15f6b56d45
10.5281/zenodo.18061204,class22,Pore,train,Vug.3065,PPL,carbonate_1223/PPL-1223/train/class22/Vug.3065.jpg,data/raw/PPL/train/class22_pore/Vug.3065.jpg,780110,dd9e7aa792d633ea677788d7965ad2956c5db25c744983e4f033ba96a414ecb8
10.5281/zenodo.18061204,class22,Pore,train,Vug.3314,PPL,carbonate_1223/PPL-1223/train/class22/Vug.3314.jpg,data/raw/PPL/train/class22_pore/Vug.3314.jpg,553880,16e560901eebde878bcd2d8dada3bfb9a7ab8c53b30b4eca53ad59d151cc6c65
10.5281/zenodo.18061204,class22,Pore,train,Vug.3325,PPL,carbonate_1223/PPL-1223/train/class22/Vug.3325.jpg,data/raw/PPL/train/class22_pore/Vug.3325.jpg,464624,d6f60398a5400abb98d5ec2042d696e8d94b24b244ab605416302a78205238db
10.5281/zenodo.18061204,class22,Pore,train,Vug.3489,PPL,carbonate_1223/PPL-1223/train/class22/Vug.3489.jpg,data/raw/PPL/train/class22_pore/Vug.3489.jpg,600335,9980ae30f0914ccaebc6b7bc4ab7c29cc3e49cf9185f4c658edd11ef19b1ae91
10.5281/zenodo.18061204,class22,Pore,train,Vug.3621,PPL,carbonate_1223/PPL-1223/train/class22/Vug.3621.jpg,data/raw/PPL/train/class22_pore/Vug.3621.jpg,655369,6148deb31dbdf14cc4142846c0278b79307ddd69428a382ffa7d20f7b73247e4
10.5281/zenodo.18061204,class22,Pore,train,Vug.3717,PPL,carbonate_1223/PPL-1223/train/class22/Vug.3717.jpg,data/raw/PPL/train/class22_pore/Vug.3717.jpg,908785,ef84b0b4512bb58846b91d0940b9387b314e2a95477fe96dbac25b6fee5d5c1b
10.5281/zenodo.18061204,class22,Pore,train,Vug.3807,PPL,carbonate_1223/PPL-1223/train/class22/Vug.3807.jpg,data/raw/PPL/train/class22_pore/Vug.3807.jpg,731346,cf3461c21ee1c2712d13613d3011ce7c8785e2589be2b6406a9fb6f11153b88e
10.5281/zenodo.18061204,class22,Pore,train,Vug.499,PPL,carbonate_1223/PPL-1223/train/class22/Vug.499.jpg,data/raw/PPL/train/class22_pore/Vug.499.jpg,677259,5708052afad17140f5d126ff59f983b9c61b76776a7e0ad9691e654e12250ffc
10.5281/zenodo.18061204,class22,Pore,train,Vug.5169,PPL,carbonate_1223/PPL-1223/train/class22/Vug.5169.jpg,data/raw/PPL/train/class22_pore/Vug.5169.jpg,546243,4dbd9958f61323c8e30e11fbfb2c969ce8e06f2c0861bce17e6604a13aa4e1e0
10.5281/zenodo.18061204,class22,Pore,train,Vug.5453,PPL,carbonate_1223/PPL-1223/train/class22/Vug.5453.jpg,data/raw/PPL/train/class22_pore/Vug.5453.jpg,598875,0162e4ff233327affa8c5aa34ba2ea19f5b68c9f5f23ae4e5e62a47342bb346c
10.5281/zenodo.18061204,class22,Pore,train,Vug.561,PPL,carbonate_1223/PPL-1223/train/class22/Vug.561.jpg,data/raw/PPL/train/class22_pore/Vug.561.jpg,629422,110233c054cf30b5f8a8312717246fe7d047acb6336b4982651f2312b2da837f
10.5281/zenodo.18061204,class22,Pore,train,Vug.5776,PPL,carbonate_1223/PPL-1223/train/class22/Vug.5776.jpg,data/raw/PPL/train/class22_pore/Vug.5776.jpg,489453,fc65843cd41349c22b9a7d1ac80d43b3109fd622b6251db629f352d255890118
10.5281/zenodo.18061204,class22,Pore,train,Vug.5806,PPL,carbonate_1223/PPL-1223/train/class22/Vug.5806.jpg,data/raw/PPL/train/class22_pore/Vug.5806.jpg,557830,2d26e14bf65c4dcf2fdfa5133310235a9afa79cef298788eb110bfd07c79e565
10.5281/zenodo.18061204,class22,Pore,train,Vug.5885,PPL,carbonate_1223/PPL-1223/train/class22/Vug.5885.jpg,data/raw/PPL/train/class22_pore/Vug.5885.jpg,625011,cb83a0fd841d331dcb56cc2fe824e5ff60571f33e9b241831c54ed7aad2c3782
10.5281/zenodo.18061204,class22,Pore,train,Vug.6085,PPL,carbonate_1223/PPL-1223/train/class22/Vug.6085.jpg,data/raw/PPL/train/class22_pore/Vug.6085.jpg,444778,aeaeab5454cd86eca01d2d6f6fb0acfdc1fc58bcf61de2f78ff890e57d38aa46
10.5281/zenodo.18061204,class22,Pore,train,Vug.6105,PPL,carbonate_1223/PPL-1223/train/class22/Vug.6105.jpg,data/raw/PPL/train/class22_pore/Vug.6105.jpg,539441,8d019afa8992824f07b81f9eb326cf1b052d13edb4308d3a62b77db0d3bb3d8d
10.5281/zenodo.18061204,class22,Pore,train,Vug.6352,PPL,carbonate_1223/PPL-1223/train/class22/Vug.6352.jpg,data/raw/PPL/train/class22_pore/Vug.6352.jpg,621674,c6bbf2f41470c1913dcea6e394a5645ae40a49570389454e5256c989cc00e9fc
10.5281/zenodo.18061204,class22,Pore,train,Vug.858,PPL,carbonate_1223/PPL-1223/train/class22/Vug.858.jpg,data/raw/PPL/train/class22_pore/Vug.858.jpg,635485,efd688eff464d0f8d18ef71ebb6c2a256af2cd86d87e4e1a57263c93c409c683
10.5281/zenodo.18061204,class10,Cemented fracture,val,Fracture.11,PPL,carbonate_1223/PPL-1223/val/class10/Fracture.11.jpg,data/raw/PPL/val/class10_cemented_fracture/Fracture.11.jpg,609168,e56d80fcf2c0dad334db76d315fb1e3e90f7b6ff66065efd80b5e348f507aab8
10.5281/zenodo.18061204,class10,Cemented fracture,val,Fracture.149,PPL,carbonate_1223/PPL-1223/val/class10/Fracture.149.jpg,data/raw/PPL/val/class10_cemented_fracture/Fracture.149.jpg,805904,5821e2eeae3e2ed5b338869e1d8ac771a2f0fbd3757139f88b0f5079c70fafbd
10.5281/zenodo.18061204,class10,Cemented fracture,val,Fracture.215,PPL,carbonate_1223/PPL-1223/val/class10/Fracture.215.jpg,data/raw/PPL/val/class10_cemented_fracture/Fracture.215.jpg,471775,6d48f5836e9f48632b768dc45ccf8cd6e884176e867cc88a6db0e882b2b11841
10.5281/zenodo.18061204,class10,Cemented fracture,val,Fracture.277,PPL,carbonate_1223/PPL-1223/val/class10/Fracture.277.jpg,data/raw/PPL/val/class10_cemented_fracture/Fracture.277.jpg,676531,11e9ba65cd5ba18398fda29629238e0493386763f5d0d52b7fb3676d4881d0d4
10.5281/zenodo.18061204,class10,Cemented fracture,val,Fracture.297,PPL,carbonate_1223/PPL-1223/val/class10/Fracture.297.jpg,data/raw/PPL/val/class10_cemented_fracture/Fracture.297.jpg,621812,24cd1366fe4e18e22869d000d7e4b4a7a7f0e43104303b6f249ec9a66ea37633
10.5281/zenodo.18061204,class10,Cemented fracture,val,Fracture.311,PPL,carbonate_1223/PPL-1223/val/class10/Fracture.311.jpg,data/raw/PPL/val/class10_cemented_fracture/Fracture.311.jpg,675058,0a4eac4722fa0e2f5774700753005d0bf17cc1164d2d000f8910aede78181191
10.5281/zenodo.18061204,class10,Cemented fracture,val,Fracture.331,PPL,carbonate_1223/PPL-1223/val/class10/Fracture.331.jpg,data/raw/PPL/val/class10_cemented_fracture/Fracture.331.jpg,694904,44558fbbce4a15205e50ece18bed9e2e4039365f453602fd44e6dbf9574ed635
10.5281/zenodo.18061204,class13,Micritic limestone,val,Micritic_limestone.114,PPL,carbonate_1223/PPL-1223/val/class13/Micritic_limestone.114.jpg,data/raw/PPL/val/class13_micritic_limestone/Micritic_limestone.114.jpg,646306,58afdb2779fca8a457c5fbb1b8e8a84133891b96dbe113c65ba9f1498c54bba3
10.5281/zenodo.18061204,class13,Micritic limestone,val,Micritic_limestone.124,PPL,carbonate_1223/PPL-1223/val/class13/Micritic_limestone.124.jpg,data/raw/PPL/val/class13_micritic_limestone/Micritic_limestone.124.jpg,613251,1cf7fc993a3b00cb7c21073e8f3910f20c4b8b3b7790ee94bf0e30ed4eee0a65
10.5281/zenodo.18061204,class13,Micritic limestone,val,Micritic_limestone.157,PPL,carbonate_1223/PPL-1223/val/class13/Micritic_limestone.157.jpg,data/raw/PPL/val/class13_micritic_limestone/Micritic_limestone.157.jpg,537503,54a67e6a2519b7ae5266c8bc180085f9cf6a5925dbbbf06ca7f9cc4b854fed70
10.5281/zenodo.18061204,class13,Micritic limestone,val,Micritic_limestone.161,PPL,carbonate_1223/PPL-1223/val/class13/Micritic_limestone.161.jpg,data/raw/PPL/val/class13_micritic_limestone/Micritic_limestone.161.jpg,624117,eb7837523816387c3a989625b5fa70c9ce70c6425694b32c0038d119d1c80bcb
10.5281/zenodo.18061204,class13,Micritic limestone,val,Micritic_limestone.550,PPL,carbonate_1223/PPL-1223/val/class13/Micritic_limestone.550.jpg,data/raw/PPL/val/class13_micritic_limestone/Micritic_limestone.550.jpg,493305,d3dfd893312c2c68a0607801520095ae23f43b7edcc9b9709cac9515b9c21479
10.5281/zenodo.18061204,class13,Micritic limestone,val,Micritic_limestone.68,PPL,carbonate_1223/PPL-1223/val/class13/Micritic_limestone.68.jpg,data/raw/PPL/val/class13_micritic_limestone/Micritic_limestone.68.jpg,659813,2091a139d83f580f3bacb241a8d25cd7dfdab5cbad8c019137bc4af0bd56798c
10.5281/zenodo.18061204,class13,Micritic limestone,val,Micritic_limestone.715,PPL,carbonate_1223/PPL-1223/val/class13/Micritic_limestone.715.jpg,data/raw/PPL/val/class13_micritic_limestone/Micritic_limestone.715.jpg,112145,f3422a464bd1e2ef9b284842ddfc7c0e8eda299d9ae6d6dca1f65d8b5c9ff41d
10.5281/zenodo.18061204,class17,Oolite,val,Oolitic.1,PPL,carbonate_1223/PPL-1223/val/class17/Oolitic.1.jpg,data/raw/PPL/val/class17_oolite/Oolitic.1.jpg,66350,862ed1413d3b679e4ad582bc0f8a5470c03b3ec24c99e5c2f5db84a9860d0905
10.5281/zenodo.18061204,class17,Oolite,val,Oolitic.14,PPL,carbonate_1223/PPL-1223/val/class17/Oolitic.14.jpg,data/raw/PPL/val/class17_oolite/Oolitic.14.jpg,504211,b5841d5bce1c4d8d0841e64ad3f6661ba3e5088130a85382ebc76ccded1083bb
10.5281/zenodo.18061204,class17,Oolite,val,Oolitic.20,PPL,carbonate_1223/PPL-1223/val/class17/Oolitic.20.jpg,data/raw/PPL/val/class17_oolite/Oolitic.20.jpg,847410,4d8ee6c25ef7c63561fa581ed927e10b79769afeb0888d9367f0b0b1cf425380
10.5281/zenodo.18061204,class17,Oolite,val,Oolitic.3,PPL,carbonate_1223/PPL-1223/val/class17/Oolitic.3.jpg,data/raw/PPL/val/class17_oolite/Oolitic.3.jpg,585104,723754b474145a51c3cd75315df2efe6d609c439c02f6b5e54e965bf22db0caa
10.5281/zenodo.18061204,class17,Oolite,val,Oolitic.30,PPL,carbonate_1223/PPL-1223/val/class17/Oolitic.30.jpg,data/raw/PPL/val/class17_oolite/Oolitic.30.jpg,117892,4e27ad0b67a8167f873f7767cde9c421b7cf90d2fc31881d3cbedda630aed78d
10.5281/zenodo.18061204,class17,Oolite,val,Oolitic.34,PPL,carbonate_1223/PPL-1223/val/class17/Oolitic.34.jpg,data/raw/PPL/val/class17_oolite/Oolitic.34.jpg,109827,420963d47aa1deda34564ebd03b3b057d0747a296827b2cd0c88619c5e965d03
10.5281/zenodo.18061204,class17,Oolite,val,Oolitic.36,PPL,carbonate_1223/PPL-1223/val/class17/Oolitic.36.jpg,data/raw/PPL/val/class17_oolite/Oolitic.36.jpg,221749,6e3a69ea85d24ee7a241a888f36504887d7d126540808f0b8d2acbab17a9bc0b
10.5281/zenodo.18061204,class22,Pore,val,Vug.1256,PPL,carbonate_1223/PPL-1223/val/class22/Vug.1256.jpg,data/raw/PPL/val/class22_pore/Vug.1256.jpg,752352,a7f56d21f2af4399c73afbc37d1358e3c28314402b68e90266e3ca38152a0aac
10.5281/zenodo.18061204,class22,Pore,val,Vug.1340,PPL,carbonate_1223/PPL-1223/val/class22/Vug.1340.jpg,data/raw/PPL/val/class22_pore/Vug.1340.jpg,755953,de6cf4d8f58ac08c9014a7e683b27e33d530ec99d0e6b85505d51206437433d2
10.5281/zenodo.18061204,class22,Pore,val,Vug.336,PPL,carbonate_1223/PPL-1223/val/class22/Vug.336.jpg,data/raw/PPL/val/class22_pore/Vug.336.jpg,674958,17fe1bc2666e0997a838bcf75145f3fde3339870ab531b02212b93ae0ff91581
10.5281/zenodo.18061204,class22,Pore,val,Vug.514,PPL,carbonate_1223/PPL-1223/val/class22/Vug.514.jpg,data/raw/PPL/val/class22_pore/Vug.514.jpg,755635,1694c1feb9bc65ef6f6b4da3d0e1d28e3d4cc1a79b11bcb43997d5693346bf4d
10.5281/zenodo.18061204,class22,Pore,val,Vug.57,PPL,carbonate_1223/PPL-1223/val/class22/Vug.57.jpg,data/raw/PPL/val/class22_pore/Vug.57.jpg,804397,8b309169993e8d39dcf54efb2dd35435e00657d1de3aef83aced609d6eabf0a8
10.5281/zenodo.18061204,class22,Pore,val,Vug.718,PPL,carbonate_1223/PPL-1223/val/class22/Vug.718.jpg,data/raw/PPL/val/class22_pore/Vug.718.jpg,676887,9550da2530bfee1b4cf0e8449b0a7d316ffab09add7f3b678a24d21458821936
10.5281/zenodo.18061204,class22,Pore,val,Vug.774,PPL,carbonate_1223/PPL-1223/val/class22/Vug.774.jpg,data/raw/PPL/val/class22_pore/Vug.774.jpg,697627,ed3ca9e09181029283cbaf058e01c91d5ddaabfa8f28d845d4cc75a2f6005b58
10.5281/zenodo.18061204,class10,Cemented fracture,test,Fracture.14,XPL,carbonate_1223/XPL-1223/test/class10/Fracture.14.jpg,data/raw/XPL/test/class10_cemented_fracture/Fracture.14.jpg,775275,23e7ab8a8f93dd7c0283dfa876959b7a45856defca42a0197f1078df778c17bf
10.5281/zenodo.18061204,class10,Cemented fracture,test,Fracture.142,XPL,carbonate_1223/XPL-1223/test/class10/Fracture.142.jpg,data/raw/XPL/test/class10_cemented_fracture/Fracture.142.jpg,739940,585c1a5b3bbcc61abab06d05ec4d248dadabe13a8ae20aba1a5a465f03ff08a6
10.5281/zenodo.18061204,class10,Cemented fracture,test,Fracture.25,XPL,carbonate_1223/XPL-1223/test/class10/Fracture.25.jpg,data/raw/XPL/test/class10_cemented_fracture/Fracture.25.jpg,713567,eec204e55d662e9eca891631b6340b5daefce475e8fa55234b244a2be24c1200
10.5281/zenodo.18061204,class10,Cemented fracture,test,Fracture.26,XPL,carbonate_1223/XPL-1223/test/class10/Fracture.26.jpg,data/raw/XPL/test/class10_cemented_fracture/Fracture.26.jpg,745763,4110e6bd05fb7727ec75fc5734d7fbf06f66727f8d8b767660c0ba02694908e9
10.5281/zenodo.18061204,class10,Cemented fracture,test,Fracture.62,XPL,carbonate_1223/XPL-1223/test/class10/Fracture.62.jpg,data/raw/XPL/test/class10_cemented_fracture/Fracture.62.jpg,875564,bf44ca869fea7b31c3e62e0ee8b006845a8513dc160d74a6d508d1468b719009
10.5281/zenodo.18061204,class13,Micritic limestone,test,Micritic_limestone.10,XPL,carbonate_1223/XPL-1223/test/class13/Micritic_limestone.10.jpg,data/raw/XPL/test/class13_micritic_limestone/Micritic_limestone.10.jpg,570415,213be0d8531a2fb8e4bfcf52a8239b39abee68afbe17b6e6417d15d2d0f08ba9
10.5281/zenodo.18061204,class13,Micritic limestone,test,Micritic_limestone.321,XPL,carbonate_1223/XPL-1223/test/class13/Micritic_limestone.321.jpg,data/raw/XPL/test/class13_micritic_limestone/Micritic_limestone.321.jpg,736371,c712e52397df5214ad5e2b822dca89a6ff7e8cef74eba00005e697d98aa24303
10.5281/zenodo.18061204,class13,Micritic limestone,test,Micritic_limestone.390,XPL,carbonate_1223/XPL-1223/test/class13/Micritic_limestone.390.jpg,data/raw/XPL/test/class13_micritic_limestone/Micritic_limestone.390.jpg,758182,b0093d32a886f3b2a4fb87276d3fdc880276f33900be4cd9d97bb567fd320f90
10.5281/zenodo.18061204,class13,Micritic limestone,test,Micritic_limestone.407,XPL,carbonate_1223/XPL-1223/test/class13/Micritic_limestone.407.jpg,data/raw/XPL/test/class13_micritic_limestone/Micritic_limestone.407.jpg,744397,f95c80e981240ae0a9181c324ab6736b8cf05a0428bd4a71e7121baaaef60e27
10.5281/zenodo.18061204,class13,Micritic limestone,test,Micritic_limestone.412,XPL,carbonate_1223/XPL-1223/test/class13/Micritic_limestone.412.jpg,data/raw/XPL/test/class13_micritic_limestone/Micritic_limestone.412.jpg,740578,e12001bc2ca028dfe07e28a903f467e3618211a400b3cdfcf018f4b975b55b81
10.5281/zenodo.18061204,class17,Oolite,test,10,XPL,carbonate_1223/XPL-1223/test/class17/10.jpg,data/raw/XPL/test/class17_oolite/10.jpg,693785,c2c9376178fad773bad64095b19bd4f8895596e0dbce445b79dd65a849d7aa99
10.5281/zenodo.18061204,class17,Oolite,test,14,XPL,carbonate_1223/XPL-1223/test/class17/14.jpg,data/raw/XPL/test/class17_oolite/14.jpg,613887,b60046f3b1cbbf2f49b159e42052a049600829fbde24952e17f63bb5ab31eeac
10.5281/zenodo.18061204,class17,Oolite,test,17,XPL,carbonate_1223/XPL-1223/test/class17/17.jpg,data/raw/XPL/test/class17_oolite/17.jpg,488933,e5c485737f537ffbba06adb4067d710839010db76a6b62bd5884034bbfe7ab1d
10.5281/zenodo.18061204,class17,Oolite,test,19,XPL,carbonate_1223/XPL-1223/test/class17/19.jpg,data/raw/XPL/test/class17_oolite/19.jpg,549691,6e3b47fd5b57b40ce161d8444a8791ad6849206a7e2b9eb7d2b098e41d0ba6f5
10.5281/zenodo.18061204,class17,Oolite,test,8,XPL,carbonate_1223/XPL-1223/test/class17/8.jpg,data/raw/XPL/test/class17_oolite/8.jpg,607016,2eed8e48452dff63fb914729e88c5d3ac39cedab4bc57a64b984a8239b2f4e9c
10.5281/zenodo.18061204,class22,Pore,test,Vug.250,XPL,carbonate_1223/XPL-1223/test/class22/Vug.250.jpg,data/raw/XPL/test/class22_pore/Vug.250.jpg,806368,f01c5ce191e0f354faf2dedcf8264323bc522794373afd911415d7fc82cdb0de
10.5281/zenodo.18061204,class22,Pore,test,Vug.38,XPL,carbonate_1223/XPL-1223/test/class22/Vug.38.jpg,data/raw/XPL/test/class22_pore/Vug.38.jpg,856213,8ff7f611c703dbeefc8ba58b81b8e2837768c177cfed5c91ec2b4ce6058b2b23
10.5281/zenodo.18061204,class22,Pore,test,Vug.711,XPL,carbonate_1223/XPL-1223/test/class22/Vug.711.jpg,data/raw/XPL/test/class22_pore/Vug.711.jpg,575746,f0ec433916c5445d1d6af2540ad812138ad3e65666f17e44ccd06a01d348cdd8
10.5281/zenodo.18061204,class22,Pore,test,Vug.811,XPL,carbonate_1223/XPL-1223/test/class22/Vug.811.jpg,data/raw/XPL/test/class22_pore/Vug.811.jpg,493235,ba61cf786a532cbb79a5e395ca4f2c7e669391c22959942d5d5d00b1eb7ba6b1
10.5281/zenodo.18061204,class22,Pore,test,Vug.914,XPL,carbonate_1223/XPL-1223/test/class22/Vug.914.jpg,data/raw/XPL/test/class22_pore/Vug.914.jpg,617821,93d7f136ee30b432b167e9ab29c199063ba01abf768d41df0397da05fbe7b89c
10.5281/zenodo.18061204,class10,Cemented fracture,train,Fracture.1024,XPL,carbonate_1223/XPL-1223/train/class10/Fracture.1024.jpg,data/raw/XPL/train/class10_cemented_fracture/Fracture.1024.jpg,838339,17e946ed70a020ba4a07d3759b78fbfd78f19e2e9668b645748eef781891ac9c
10.5281/zenodo.18061204,class10,Cemented fracture,train,Fracture.1178,XPL,carbonate_1223/XPL-1223/train/class10/Fracture.1178.jpg,data/raw/XPL/train/class10_cemented_fracture/Fracture.1178.jpg,525554,53f9278c88a107f770e140401cbf2e3188a90c29023b7c0823b2c265b1eb4fb9
10.5281/zenodo.18061204,class10,Cemented fracture,train,Fracture.13,XPL,carbonate_1223/XPL-1223/train/class10/Fracture.13.jpg,data/raw/XPL/train/class10_cemented_fracture/Fracture.13.jpg,537217,2211766d00c2dc26dbc852768015f5fa1bde4a87f0a1004132fac345da947165
10.5281/zenodo.18061204,class10,Cemented fracture,train,Fracture.147,XPL,carbonate_1223/XPL-1223/train/class10/Fracture.147.jpg,data/raw/XPL/train/class10_cemented_fracture/Fracture.147.jpg,857212,652dee7936f20560fdc3d7fc2e230c5ebe0bc44366bac52a7741be2d1ac5c2dc
10.5281/zenodo.18061204,class10,Cemented fracture,train,Fracture.164,XPL,carbonate_1223/XPL-1223/train/class10/Fracture.164.jpg,data/raw/XPL/train/class10_cemented_fracture/Fracture.164.jpg,555024,b5704947629ef832da747b95c990e6e205a774011ddff6822a132f844ef78cb9
10.5281/zenodo.18061204,class10,Cemented fracture,train,Fracture.168,XPL,carbonate_1223/XPL-1223/train/class10/Fracture.168.jpg,data/raw/XPL/train/class10_cemented_fracture/Fracture.168.jpg,496153,4afab7a3f00d57f241fc195e6cf8e5f62a6c77f7cf7a3286833c974e59bff2c0
10.5281/zenodo.18061204,class10,Cemented fracture,train,Fracture.169,XPL,carbonate_1223/XPL-1223/train/class10/Fracture.169.jpg,data/raw/XPL/train/class10_cemented_fracture/Fracture.169.jpg,752251,12e008579f6942ce1731768fb619514285ab35f4eaee5b3a08e3ec0ec0fe5a9e
10.5281/zenodo.18061204,class10,Cemented fracture,train,Fracture.179,XPL,carbonate_1223/XPL-1223/train/class10/Fracture.179.jpg,data/raw/XPL/train/class10_cemented_fracture/Fracture.179.jpg,441057,7f8f1a4c09f64725df1d56384c51ba454a9c54210c4f3a0c8cceb6bfd81cc179
10.5281/zenodo.18061204,class10,Cemented fracture,train,Fracture.199,XPL,carbonate_1223/XPL-1223/train/class10/Fracture.199.jpg,data/raw/XPL/train/class10_cemented_fracture/Fracture.199.jpg,618477,1de3adca76a1d761804e645b817ace28daca3b8f9fac2e50bb2b51fde457920a
10.5281/zenodo.18061204,class10,Cemented fracture,train,Fracture.266,XPL,carbonate_1223/XPL-1223/train/class10/Fracture.266.jpg,data/raw/XPL/train/class10_cemented_fracture/Fracture.266.jpg,604125,8ec861281f3baa800636f7ccc3d100cc57e8aef037c167bd074c4213261432ba
10.5281/zenodo.18061204,class10,Cemented fracture,train,Fracture.276,XPL,carbonate_1223/XPL-1223/train/class10/Fracture.276.jpg,data/raw/XPL/train/class10_cemented_fracture/Fracture.276.jpg,683144,734e4df756a4ca429d3c53b94a9c28ae3b6fef13509914f859a132b3d7cd3908
10.5281/zenodo.18061204,class10,Cemented fracture,train,Fracture.313,XPL,carbonate_1223/XPL-1223/train/class10/Fracture.313.jpg,data/raw/XPL/train/class10_cemented_fracture/Fracture.313.jpg,710544,7666f0046a787758fe278812707889432befd21f3b04941b04d8d9fa935db783
10.5281/zenodo.18061204,class10,Cemented fracture,train,Fracture.315,XPL,carbonate_1223/XPL-1223/train/class10/Fracture.315.jpg,data/raw/XPL/train/class10_cemented_fracture/Fracture.315.jpg,862475,9f40f3645041c470c4ca223685f4cc1fda2b5ec4ce6ec6e6745781f4573c5f79
10.5281/zenodo.18061204,class10,Cemented fracture,train,Fracture.371,XPL,carbonate_1223/XPL-1223/train/class10/Fracture.371.jpg,data/raw/XPL/train/class10_cemented_fracture/Fracture.371.jpg,571137,6426ce6b7e1ea11c52c1c7395e32d6a69ba6cefa250b51569d42902540a40172
10.5281/zenodo.18061204,class10,Cemented fracture,train,Fracture.438,XPL,carbonate_1223/XPL-1223/train/class10/Fracture.438.jpg,data/raw/XPL/train/class10_cemented_fracture/Fracture.438.jpg,523567,2340a1beece17f99be0548f59ae4035ea8e09163c60429d0f81e73d26fb8b054
10.5281/zenodo.18061204,class10,Cemented fracture,train,Fracture.439,XPL,carbonate_1223/XPL-1223/train/class10/Fracture.439.jpg,data/raw/XPL/train/class10_cemented_fracture/Fracture.439.jpg,470830,8d3d4c3eca4ad0964939cd4d20675ef282da0ca3267a7256e5f2bba1f6a3f1fa
10.5281/zenodo.18061204,class10,Cemented fracture,train,Fracture.441,XPL,carbonate_1223/XPL-1223/train/class10/Fracture.441.jpg,data/raw/XPL/train/class10_cemented_fracture/Fracture.441.jpg,630308,4c9f4701003ad9abf2cbc6e12100128a77e78f35633590f59ed9c564392e2592
10.5281/zenodo.18061204,class10,Cemented fracture,train,Fracture.462,XPL,carbonate_1223/XPL-1223/train/class10/Fracture.462.JPG,data/raw/XPL/train/class10_cemented_fracture/Fracture.462.JPG,742862,cd7811775554160aa8104e3bc24aee75b6816cd2a1a8f299bd8bdba1a993c6bc
10.5281/zenodo.18061204,class10,Cemented fracture,train,Fracture.464,XPL,carbonate_1223/XPL-1223/train/class10/Fracture.464.JPG,data/raw/XPL/train/class10_cemented_fracture/Fracture.464.JPG,730023,dfd49337f5729136dde48d87845c40b7af23f9546b069da074b3b592e3bae7c8
10.5281/zenodo.18061204,class10,Cemented fracture,train,Fracture.517,XPL,carbonate_1223/XPL-1223/train/class10/Fracture.517.jpg,data/raw/XPL/train/class10_cemented_fracture/Fracture.517.jpg,661680,8972f9b63a9ae6a7b6351b7668801a03b8444e250908f4ccd233b33fc55040d8
10.5281/zenodo.18061204,class10,Cemented fracture,train,Fracture.581,XPL,carbonate_1223/XPL-1223/train/class10/Fracture.581.jpg,data/raw/XPL/train/class10_cemented_fracture/Fracture.581.jpg,610247,a713406e6e0969028b56b82314f48b8108dd4d8f23a981d51df4ba13b9b4c01e
10.5281/zenodo.18061204,class10,Cemented fracture,train,Fracture.596,XPL,carbonate_1223/XPL-1223/train/class10/Fracture.596.jpg,data/raw/XPL/train/class10_cemented_fracture/Fracture.596.jpg,520417,5b2250f25c50dccdbb3c68b2cdadddae1be5fec70d9946ebc55b151041882a3c
10.5281/zenodo.18061204,class10,Cemented fracture,train,Fracture.648,XPL,carbonate_1223/XPL-1223/train/class10/Fracture.648.jpg,data/raw/XPL/train/class10_cemented_fracture/Fracture.648.jpg,528825,498a45f11dee7c039114f90df6cbff866b61d62dfe3a6eaab789716ac508002c
10.5281/zenodo.18061204,class10,Cemented fracture,train,Fracture.687,XPL,carbonate_1223/XPL-1223/train/class10/Fracture.687.jpg,data/raw/XPL/train/class10_cemented_fracture/Fracture.687.jpg,753597,5a382e269b95f73730efe6fa91c4e33dda2381ad818cb0bfa32a8a3525bc587d
10.5281/zenodo.18061204,class10,Cemented fracture,train,Fracture.732,XPL,carbonate_1223/XPL-1223/train/class10/Fracture.732.jpg,data/raw/XPL/train/class10_cemented_fracture/Fracture.732.jpg,602940,f61bdd68302cb50d4df5e1d01f1d45707a8abb3d5bb4d91fc625d100c99a3356
10.5281/zenodo.18061204,class10,Cemented fracture,train,Fracture.753,XPL,carbonate_1223/XPL-1223/train/class10/Fracture.753.jpg,data/raw/XPL/train/class10_cemented_fracture/Fracture.753.jpg,383854,ba3cf232adf8379787152c52dec26d403287d1713f9bea354bef6301fd768131
10.5281/zenodo.18061204,class10,Cemented fracture,train,Fracture.788,XPL,carbonate_1223/XPL-1223/train/class10/Fracture.788.jpg,data/raw/XPL/train/class10_cemented_fracture/Fracture.788.jpg,653983,13b493cf02ea92fb5f716571565ffee4b9ed10c9f7411dccaf43f999dd4e7648
10.5281/zenodo.18061204,class10,Cemented fracture,train,Fracture.896,XPL,carbonate_1223/XPL-1223/train/class10/Fracture.896.jpg,data/raw/XPL/train/class10_cemented_fracture/Fracture.896.jpg,586917,0f8e9d08de83bb83ef0a1bf6651af53c7a7c2382a322ccc455a89e537d4c72f2
10.5281/zenodo.18061204,class10,Cemented fracture,train,Fracture.956,XPL,carbonate_1223/XPL-1223/train/class10/Fracture.956.jpg,data/raw/XPL/train/class10_cemented_fracture/Fracture.956.jpg,491633,173b49b7afa96f92561aa00773e3f123f3a956612dc0fc08baf0d6a3b712b7e9
10.5281/zenodo.18061204,class10,Cemented fracture,train,Fracture.981,XPL,carbonate_1223/XPL-1223/train/class10/Fracture.981.jpg,data/raw/XPL/train/class10_cemented_fracture/Fracture.981.jpg,507011,d0d176bb84cdb0d7a3eab28015fe15caafcbc8b7be4c07726a1e59a3759ce8f7
10.5281/zenodo.18061204,class13,Micritic limestone,train,Micritic_limestone.1262,XPL,carbonate_1223/XPL-1223/train/class13/Micritic_limestone.1262.jpg,data/raw/XPL/train/class13_micritic_limestone/Micritic_limestone.1262.jpg,743129,1bf7da8259610211e89fd67a4584f5fb259aca818e890d8ae5dcade872064321
10.5281/zenodo.18061204,class13,Micritic limestone,train,Micritic_limestone.197,XPL,carbonate_1223/XPL-1223/train/class13/Micritic_limestone.197.jpg,data/raw/XPL/train/class13_micritic_limestone/Micritic_limestone.197.jpg,521591,02f271a2eec6cd2dc900fdfd1ca36163217fa551623029132bdabddaf242a2f6
10.5281/zenodo.18061204,class13,Micritic limestone,train,Micritic_limestone.2061,XPL,carbonate_1223/XPL-1223/train/class13/Micritic_limestone.2061.jpg,data/raw/XPL/train/class13_micritic_limestone/Micritic_limestone.2061.jpg,775017,c3fe94f46726e8e134afc908e98d2668a86143b22aea2f7216ef50cf9c209c37
10.5281/zenodo.18061204,class13,Micritic limestone,train,Micritic_limestone.2080,XPL,carbonate_1223/XPL-1223/train/class13/Micritic_limestone.2080.jpg,data/raw/XPL/train/class13_micritic_limestone/Micritic_limestone.2080.jpg,829928,a9546032f04cf530391a61aa917f0bd506bb3f1a9661fc6d211dd490327e6c0f
10.5281/zenodo.18061204,class13,Micritic limestone,train,Micritic_limestone.2120,XPL,carbonate_1223/XPL-1223/train/class13/Micritic_limestone.2120.jpg,data/raw/XPL/train/class13_micritic_limestone/Micritic_limestone.2120.jpg,618708,d87641f37ebbacb84e3b8dd0318fdc908642592e28254f0861782487ae493a99
10.5281/zenodo.18061204,class13,Micritic limestone,train,Micritic_limestone.2134,XPL,carbonate_1223/XPL-1223/train/class13/Micritic_limestone.2134.jpg,data/raw/XPL/train/class13_micritic_limestone/Micritic_limestone.2134.jpg,412356,dc77f52630121e85bdccfafb245c2f76ba90f0087e3b9ecd8b241e535602e1ba
10.5281/zenodo.18061204,class13,Micritic limestone,train,Micritic_limestone.2170,XPL,carbonate_1223/XPL-1223/train/class13/Micritic_limestone.2170.jpg,data/raw/XPL/train/class13_micritic_limestone/Micritic_limestone.2170.jpg,599395,933892e815b33875a7ec3f041edf04a7e30d2027d71ac1ff9f91d42caa03e98c
10.5281/zenodo.18061204,class13,Micritic limestone,train,Micritic_limestone.2177,XPL,carbonate_1223/XPL-1223/train/class13/Micritic_limestone.2177.jpg,data/raw/XPL/train/class13_micritic_limestone/Micritic_limestone.2177.jpg,455252,268e3246c24db87a6c0255745dcca842163c8845c7e4fc18733aa5be57a7d2ff
10.5281/zenodo.18061204,class13,Micritic limestone,train,Micritic_limestone.2217,XPL,carbonate_1223/XPL-1223/train/class13/Micritic_limestone.2217.jpg,data/raw/XPL/train/class13_micritic_limestone/Micritic_limestone.2217.jpg,841270,cbc9ba52914f24e8cd7fac6fc29a38f22d5bc3b0703fe7ba7204b616c146d7bb
10.5281/zenodo.18061204,class13,Micritic limestone,train,Micritic_limestone.2253,XPL,carbonate_1223/XPL-1223/train/class13/Micritic_limestone.2253.jpg,data/raw/XPL/train/class13_micritic_limestone/Micritic_limestone.2253.jpg,630583,3087aa471357f621cb885134d8cce9ab6e4b6688edc5a2c1fb591d9aa88aa776
10.5281/zenodo.18061204,class13,Micritic limestone,train,Micritic_limestone.2260,XPL,carbonate_1223/XPL-1223/train/class13/Micritic_limestone.2260.jpg,data/raw/XPL/train/class13_micritic_limestone/Micritic_limestone.2260.jpg,575800,2e64fdcb680145cde6a432f1d007674e33c0272c121e4abbd78aa1424c6cc4e3
10.5281/zenodo.18061204,class13,Micritic limestone,train,Micritic_limestone.2273,XPL,carbonate_1223/XPL-1223/train/class13/Micritic_limestone.2273.jpg,data/raw/XPL/train/class13_micritic_limestone/Micritic_limestone.2273.jpg,833755,390fd834cf5ebe351550c6f3b2de8e056699ddd9aaabf322f9a05c33e86efcf2
10.5281/zenodo.18061204,class13,Micritic limestone,train,Micritic_limestone.23,XPL,carbonate_1223/XPL-1223/train/class13/Micritic_limestone.23.jpg,data/raw/XPL/train/class13_micritic_limestone/Micritic_limestone.23.jpg,495419,30be71c7893e8402137c586d38992d4d57fbc881b9b02ded56521904a10522e8
10.5281/zenodo.18061204,class13,Micritic limestone,train,Micritic_limestone.2563,XPL,carbonate_1223/XPL-1223/train/class13/Micritic_limestone.2563.jpg,data/raw/XPL/train/class13_micritic_limestone/Micritic_limestone.2563.jpg,929167,3fd042fc95647751e228d2269ffce3907f8af4b7c80d6fab7ae72a515d1c6d0b
10.5281/zenodo.18061204,class13,Micritic limestone,train,Micritic_limestone.2613,XPL,carbonate_1223/XPL-1223/train/class13/Micritic_limestone.2613.jpg,data/raw/XPL/train/class13_micritic_limestone/Micritic_limestone.2613.jpg,722380,b5613387e42dea56e4adf578bcf854af0cc850c99b37645c92b1f49d6f40e62f
10.5281/zenodo.18061204,class13,Micritic limestone,train,Micritic_limestone.2839,XPL,carbonate_1223/XPL-1223/train/class13/Micritic_limestone.2839.jpg,data/raw/XPL/train/class13_micritic_limestone/Micritic_limestone.2839.jpg,646805,09541296bd81f60ba606d814720f5919756b63ac4858bb1c3e091b8a2f9e0803
10.5281/zenodo.18061204,class13,Micritic limestone,train,Micritic_limestone.2851,XPL,carbonate_1223/XPL-1223/train/class13/Micritic_limestone.2851.jpg,data/raw/XPL/train/class13_micritic_limestone/Micritic_limestone.2851.jpg,700913,d1836c91ea6b103e623609b21415fcf4cc9929cc4e835871386fc077868556a1
10.5281/zenodo.18061204,class13,Micritic limestone,train,Micritic_limestone.2862,XPL,carbonate_1223/XPL-1223/train/class13/Micritic_limestone.2862.jpg,data/raw/XPL/train/class13_micritic_limestone/Micritic_limestone.2862.jpg,579984,5f4b23110065d1b9958c6219fd54672ab1c58be2f6eb352d0db73aa42439e222
10.5281/zenodo.18061204,class13,Micritic limestone,train,Micritic_limestone.2885,XPL,carbonate_1223/XPL-1223/train/class13/Micritic_limestone.2885.jpg,data/raw/XPL/train/class13_micritic_limestone/Micritic_limestone.2885.jpg,603231,17852cead1914ab6f47dc735b5af9712518c831282af98082e3389813e582a61
10.5281/zenodo.18061204,class13,Micritic limestone,train,Micritic_limestone.2891,XPL,carbonate_1223/XPL-1223/train/class13/Micritic_limestone.2891.jpg,data/raw/XPL/train/class13_micritic_limestone/Micritic_limestone.2891.jpg,584329,8ad55573d02f57359eb1f2a6bb4284b3c04dc095f76200cae92f31ee1dee8667
10.5281/zenodo.18061204,class13,Micritic limestone,train,Micritic_limestone.2913,XPL,carbonate_1223/XPL-1223/train/class13/Micritic_limestone.2913.jpg,data/raw/XPL/train/class13_micritic_limestone/Micritic_limestone.2913.jpg,627812,fc91f6850c99ff789d6da7c1d2f285da264ed8dd688eb52bf1c7edc16d1553d1
10.5281/zenodo.18061204,class13,Micritic limestone,train,Micritic_limestone.2952,XPL,carbonate_1223/XPL-1223/train/class13/Micritic_limestone.2952.jpg,data/raw/XPL/train/class13_micritic_limestone/Micritic_limestone.2952.jpg,570402,ee4ef9e810123f372b3a803fdcf51e5e1f113dc09fb35f98070db4d572d990fe
10.5281/zenodo.18061204,class13,Micritic limestone,train,Micritic_limestone.2993,XPL,carbonate_1223/XPL-1223/train/class13/Micritic_limestone.2993.jpg,data/raw/XPL/train/class13_micritic_limestone/Micritic_limestone.2993.jpg,544896,47b0d149c1469f9c33d7cd2d10d0986f8de1c47ed73ecd25a198a73bb102b2e4
10.5281/zenodo.18061204,class13,Micritic limestone,train,Micritic_limestone.3006,XPL,carbonate_1223/XPL-1223/train/class13/Micritic_limestone.3006.jpg,data/raw/XPL/train/class13_micritic_limestone/Micritic_limestone.3006.jpg,491491,3ca3008e57417f5cea4078d610a5dd13aa7dcda84bd3eafba49f368a259a6c1a
10.5281/zenodo.18061204,class13,Micritic limestone,train,Micritic_limestone.44,XPL,carbonate_1223/XPL-1223/train/class13/Micritic_limestone.44.jpg,data/raw/XPL/train/class13_micritic_limestone/Micritic_limestone.44.jpg,404121,6a60041afaa98d920ec890282c5903c95ed99f11a9e6530d14f1fdb4a13d53d4
10.5281/zenodo.18061204,class13,Micritic limestone,train,Micritic_limestone.486,XPL,carbonate_1223/XPL-1223/train/class13/Micritic_limestone.486.jpg,data/raw/XPL/train/class13_micritic_limestone/Micritic_limestone.486.jpg,374457,d4eb98bf1749382e1a818ff222f67352250b44de32dc2dfbe646c47ee3506293
10.5281/zenodo.18061204,class13,Micritic limestone,train,Micritic_limestone.50,XPL,carbonate_1223/XPL-1223/train/class13/Micritic_limestone.50.jpg,data/raw/XPL/train/class13_micritic_limestone/Micritic_limestone.50.jpg,517299,cba83db85db4622bee7ed79df13f67df961dea81f47fcfddc75742271c670b43
10.5281/zenodo.18061204,class13,Micritic limestone,train,Micritic_limestone.670,XPL,carbonate_1223/XPL-1223/train/class13/Micritic_limestone.670.jpg,data/raw/XPL/train/class13_micritic_limestone/Micritic_limestone.670.jpg,676484,6a5cb67d40fa2bfddd3fc22dcf63a2b74ee3773602e9bf7bf3fab7aa67cc02ce
10.5281/zenodo.18061204,class13,Micritic limestone,train,Micritic_limestone.894,XPL,carbonate_1223/XPL-1223/train/class13/Micritic_limestone.894.jpg,data/raw/XPL/train/class13_micritic_limestone/Micritic_limestone.894.jpg,689642,d440ae5a74ad3c85fdc6734a73eb888d8c3790f9d226900e32dc586a864d39ce
10.5281/zenodo.18061204,class13,Micritic limestone,train,Micritic_limestone.903,XPL,carbonate_1223/XPL-1223/train/class13/Micritic_limestone.903.jpg,data/raw/XPL/train/class13_micritic_limestone/Micritic_limestone.903.jpg,700955,5acf3a1c9c9af7e31db16aeb3416dba6a21d9514aa0f46ccd1571d9aebef08f5
10.5281/zenodo.18061204,class17,Oolite,train,Oolitic.101,XPL,carbonate_1223/XPL-1223/train/class17/Oolitic.101.jpg,data/raw/XPL/train/class17_oolite/Oolitic.101.jpg,494529,8ffba658c966980f7caace75b3f7c8da413a250d7bc9f9162ef68f2d6f1aa047
10.5281/zenodo.18061204,class17,Oolite,train,Oolitic.120,XPL,carbonate_1223/XPL-1223/train/class17/Oolitic.120.jpg,data/raw/XPL/train/class17_oolite/Oolitic.120.jpg,525082,2ceb0ae4b2f43e0d46073babb48c7182522448e2830119d5d4123e8c7baaea50
10.5281/zenodo.18061204,class17,Oolite,train,Oolitic.125,XPL,carbonate_1223/XPL-1223/train/class17/Oolitic.125.jpg,data/raw/XPL/train/class17_oolite/Oolitic.125.jpg,550660,490c4c1ab15ea9611423cbd089869e9649a1d94767cc43bf24cf447486b3163c
10.5281/zenodo.18061204,class17,Oolite,train,Oolitic.131,XPL,carbonate_1223/XPL-1223/train/class17/Oolitic.131.jpg,data/raw/XPL/train/class17_oolite/Oolitic.131.jpg,601373,9904a379d01580b79e37c7b673332e963c9f5d55875d1de3d1dc3618998ed1ff
10.5281/zenodo.18061204,class17,Oolite,train,Oolitic.135,XPL,carbonate_1223/XPL-1223/train/class17/Oolitic.135.jpg,data/raw/XPL/train/class17_oolite/Oolitic.135.jpg,645826,c63b3af09d4dc68b1b9c2c39b4aee256af2796f8f0fb5ca491fc2b68ea07404c
10.5281/zenodo.18061204,class17,Oolite,train,Oolitic.138,XPL,carbonate_1223/XPL-1223/train/class17/Oolitic.138.jpg,data/raw/XPL/train/class17_oolite/Oolitic.138.jpg,641788,a56f1091182cd86b450d19b3d716c2c47c2fd2ef6d386056d6d6cb53b9688805
10.5281/zenodo.18061204,class17,Oolite,train,Oolitic.141,XPL,carbonate_1223/XPL-1223/train/class17/Oolitic.141.jpg,data/raw/XPL/train/class17_oolite/Oolitic.141.jpg,619272,3c5cadc13360e88fed323e48e1d3fdf0896c90507efb8fa9c2344df3dcba26a3
10.5281/zenodo.18061204,class17,Oolite,train,Oolitic.145,XPL,carbonate_1223/XPL-1223/train/class17/Oolitic.145.jpg,data/raw/XPL/train/class17_oolite/Oolitic.145.jpg,778065,f70c406a80ea216270f04792d4035a64c18533e86b395781aaee58169d864e3e
10.5281/zenodo.18061204,class17,Oolite,train,Oolitic.148,XPL,carbonate_1223/XPL-1223/train/class17/Oolitic.148.jpg,data/raw/XPL/train/class17_oolite/Oolitic.148.jpg,851564,a94b8da020c1fdc18e18d1f7662319bcbe839fda7adecdd81d24713a046f1726
10.5281/zenodo.18061204,class17,Oolite,train,Oolitic.16,XPL,carbonate_1223/XPL-1223/train/class17/Oolitic.16.jpg,data/raw/XPL/train/class17_oolite/Oolitic.16.jpg,594545,8c58cd721acb2c7244ea802e78b36663af4157afe83f15847b54d00ad2265f0c
10.5281/zenodo.18061204,class17,Oolite,train,Oolitic.19,XPL,carbonate_1223/XPL-1223/train/class17/Oolitic.19.jpg,data/raw/XPL/train/class17_oolite/Oolitic.19.jpg,577593,18a077785e138b7f1a9f1ce70437565dede45fc9b1437188bb1bfac3d086f5a8
10.5281/zenodo.18061204,class17,Oolite,train,Oolitic.22,XPL,carbonate_1223/XPL-1223/train/class17/Oolitic.22.jpg,data/raw/XPL/train/class17_oolite/Oolitic.22.jpg,547307,c33fd97c6d8337e6a03cee74b4b71a2ba34cf7942d04e23eaba9aca0f2a3f5c9
10.5281/zenodo.18061204,class17,Oolite,train,Oolitic.26,XPL,carbonate_1223/XPL-1223/train/class17/Oolitic.26.jpg,data/raw/XPL/train/class17_oolite/Oolitic.26.jpg,604812,1098399b94a060c6b31785776243a305f751ff5ba8c64ca248a6a8c8239acf1b
10.5281/zenodo.18061204,class17,Oolite,train,Oolitic.28,XPL,carbonate_1223/XPL-1223/train/class17/Oolitic.28.jpg,data/raw/XPL/train/class17_oolite/Oolitic.28.jpg,551848,5f7b9a961d9acdb95b9065ad75e1172cda780a2193477dced04707e386a2598c
10.5281/zenodo.18061204,class17,Oolite,train,Oolitic.30,XPL,carbonate_1223/XPL-1223/train/class17/Oolitic.30.jpg,data/raw/XPL/train/class17_oolite/Oolitic.30.jpg,563763,44ad16cde140c8add560632b272c915ea85a8ec6908a0a9a0882aa60f4aa71dc
10.5281/zenodo.18061204,class17,Oolite,train,Oolitic.32,XPL,carbonate_1223/XPL-1223/train/class17/Oolitic.32.jpg,data/raw/XPL/train/class17_oolite/Oolitic.32.jpg,563652,5a41002ad492719d26c3c98818050fb77402ffd3162dcc8a835a30e96f020ecc
10.5281/zenodo.18061204,class17,Oolite,train,Oolitic.35,XPL,carbonate_1223/XPL-1223/train/class17/Oolitic.35.jpg,data/raw/XPL/train/class17_oolite/Oolitic.35.jpg,505378,2b9628d4fc2ffc05f0935a2c8a60500e92889d07bb3fe89ad9a0c6045fbdde87
10.5281/zenodo.18061204,class17,Oolite,train,Oolitic.57,XPL,carbonate_1223/XPL-1223/train/class17/Oolitic.57.jpg,data/raw/XPL/train/class17_oolite/Oolitic.57.jpg,598439,f9e2acc9aa6e323c0ebce0c0b5d75e03af40cf5b11c48613946732d0beccf85a
10.5281/zenodo.18061204,class17,Oolite,train,Oolitic.6,XPL,carbonate_1223/XPL-1223/train/class17/Oolitic.6.jpg,data/raw/XPL/train/class17_oolite/Oolitic.6.jpg,694471,e487434769633d0fd9a031d138ffd01b311d4b3859b5b04f677a186db43e9735
10.5281/zenodo.18061204,class17,Oolite,train,Oolitic.62,XPL,carbonate_1223/XPL-1223/train/class17/Oolitic.62.jpg,data/raw/XPL/train/class17_oolite/Oolitic.62.jpg,536660,3245dbecfe6ebd69c8a9ac906ae8236cc72ada517210d2db0f76d093fb30db9a
10.5281/zenodo.18061204,class17,Oolite,train,Oolitic.67,XPL,carbonate_1223/XPL-1223/train/class17/Oolitic.67.jpg,data/raw/XPL/train/class17_oolite/Oolitic.67.jpg,530503,4443217357d369ad1be3bab4a46ac84bbecc01c958d947969c8fad2f035e1ca5
10.5281/zenodo.18061204,class17,Oolite,train,Oolitic.69,XPL,carbonate_1223/XPL-1223/train/class17/Oolitic.69.jpg,data/raw/XPL/train/class17_oolite/Oolitic.69.jpg,642031,dcd412c9d06bb00d2a45d6d70d2e201feb90624b5282c6342fa9088bfd861283
10.5281/zenodo.18061204,class17,Oolite,train,Oolitic.71,XPL,carbonate_1223/XPL-1223/train/class17/Oolitic.71.jpg,data/raw/XPL/train/class17_oolite/Oolitic.71.jpg,586418,8c08e8054355a6dba628c47aa1be85cf9fb16637028f40e2affb369de8fb3002
10.5281/zenodo.18061204,class17,Oolite,train,Oolitic.80,XPL,carbonate_1223/XPL-1223/train/class17/Oolitic.80.jpg,data/raw/XPL/train/class17_oolite/Oolitic.80.jpg,523551,c855b78113981a86e613abdfee6e4cf44201a909c5d0d5baa601162cd6eb8dcc
10.5281/zenodo.18061204,class17,Oolite,train,Oolitic.82,XPL,carbonate_1223/XPL-1223/train/class17/Oolitic.82.jpg,data/raw/XPL/train/class17_oolite/Oolitic.82.jpg,536075,835501306398842aa77b99347fed14ea8dd9b0380140b5cb93020f6059ff0655
10.5281/zenodo.18061204,class17,Oolite,train,Oolitic.84,XPL,carbonate_1223/XPL-1223/train/class17/Oolitic.84.jpg,data/raw/XPL/train/class17_oolite/Oolitic.84.jpg,583417,2149a40baf97b91ed2db346d121ce35e284ebbecd676f298f48c493294210490
10.5281/zenodo.18061204,class17,Oolite,train,Oolitic.89,XPL,carbonate_1223/XPL-1223/train/class17/Oolitic.89.jpg,data/raw/XPL/train/class17_oolite/Oolitic.89.jpg,509961,6f68e89eece8074685c0c95d48f6c83cd50a8be5676fea90ac9c9e7410b8d6a7
10.5281/zenodo.18061204,class17,Oolite,train,Oolitic.91,XPL,carbonate_1223/XPL-1223/train/class17/Oolitic.91.jpg,data/raw/XPL/train/class17_oolite/Oolitic.91.jpg,529253,6959784d6b7b68012862d0a87a9f609ea8b0191791dd4fc37e220e5a6b05f46e
10.5281/zenodo.18061204,class17,Oolite,train,Oolitic.94,XPL,carbonate_1223/XPL-1223/train/class17/Oolitic.94.jpg,data/raw/XPL/train/class17_oolite/Oolitic.94.jpg,522226,345c78582f23e7d357ebfc1f9195db6ea3d7f6ba71765fe6fcf5ee6ab269f5f4
10.5281/zenodo.18061204,class17,Oolite,train,Oolitic.98,XPL,carbonate_1223/XPL-1223/train/class17/Oolitic.98.jpg,data/raw/XPL/train/class17_oolite/Oolitic.98.jpg,535199,9af045cb67873bb7687abaf2e3b90eff9596da283b8974b33f28c6bf5959d82c
10.5281/zenodo.18061204,class22,Pore,train,Vug.1471,XPL,carbonate_1223/XPL-1223/train/class22/Vug.1471.jpg,data/raw/XPL/train/class22_pore/Vug.1471.jpg,225853,6f6cacc4282e568d1248e7e678c55420de399fc60bfa0d0739dbcb29e97b8ac7
10.5281/zenodo.18061204,class22,Pore,train,Vug.1584,XPL,carbonate_1223/XPL-1223/train/class22/Vug.1584.jpg,data/raw/XPL/train/class22_pore/Vug.1584.jpg,508099,1703070ba3b1b5718d7993fe6d2ba97d7d3f24f0278de60330f9b277feaebdf1
10.5281/zenodo.18061204,class22,Pore,train,Vug.168,XPL,carbonate_1223/XPL-1223/train/class22/Vug.168.jpg,data/raw/XPL/train/class22_pore/Vug.168.jpg,667294,6e1f43b0774fa5258026807c732794aa95de9b8756f950c3c9e6f7cf9cb79383
10.5281/zenodo.18061204,class22,Pore,train,Vug.1884,XPL,carbonate_1223/XPL-1223/train/class22/Vug.1884.jpg,data/raw/XPL/train/class22_pore/Vug.1884.jpg,557996,ecab0e1bd04e18886e2b6d300c3d11b898c2524cd88e20122fb737edca56f83f
10.5281/zenodo.18061204,class22,Pore,train,Vug.2037,XPL,carbonate_1223/XPL-1223/train/class22/Vug.2037.jpg,data/raw/XPL/train/class22_pore/Vug.2037.jpg,560641,8306bfdbe12c7f41d090d3c87e39bd3bd14a79758fcfdbd5cd19840e3e8f78dc
10.5281/zenodo.18061204,class22,Pore,train,Vug.2120,XPL,carbonate_1223/XPL-1223/train/class22/Vug.2120.jpg,data/raw/XPL/train/class22_pore/Vug.2120.jpg,700207,7c3e97f4db6e48c808e99992303a7eec8734fe50541c149aee132981c133a646
10.5281/zenodo.18061204,class22,Pore,train,Vug.2238,XPL,carbonate_1223/XPL-1223/train/class22/Vug.2238.jpg,data/raw/XPL/train/class22_pore/Vug.2238.jpg,414194,8e2f26aa79760aca5a014665e11f00b5d9242aefa3346fe88456060714cdbea1
10.5281/zenodo.18061204,class22,Pore,train,Vug.287,XPL,carbonate_1223/XPL-1223/train/class22/Vug.287.jpg,data/raw/XPL/train/class22_pore/Vug.287.jpg,554094,b3e93f8914d7ece1157b0a756992c24edb76824a5687ad08ce3b82b173b2620e
10.5281/zenodo.18061204,class22,Pore,train,Vug.2949,XPL,carbonate_1223/XPL-1223/train/class22/Vug.2949.jpg,data/raw/XPL/train/class22_pore/Vug.2949.jpg,553350,067a44758046a958354ff90dba37e39dc101475ab285c1d3b27cdb9be8105ca9
10.5281/zenodo.18061204,class22,Pore,train,Vug.3079,XPL,carbonate_1223/XPL-1223/train/class22/Vug.3079.jpg,data/raw/XPL/train/class22_pore/Vug.3079.jpg,695020,b9c55ab390e90f931243f91956ccbb590b93cde095d12c0676457e4cc19335d1
10.5281/zenodo.18061204,class22,Pore,train,Vug.3103,XPL,carbonate_1223/XPL-1223/train/class22/Vug.3103.jpg,data/raw/XPL/train/class22_pore/Vug.3103.jpg,433644,b37ffeeb95d759ceb22c9ad8bedb862eba211d5cb3fa8b3a5118e9cbc39c62bf
10.5281/zenodo.18061204,class22,Pore,train,Vug.3258,XPL,carbonate_1223/XPL-1223/train/class22/Vug.3258.jpg,data/raw/XPL/train/class22_pore/Vug.3258.jpg,635413,633116d9b83d038d3c4fe7fb4ed0eb32b88c192439c010129ef129e917fb097b
10.5281/zenodo.18061204,class22,Pore,train,Vug.3278,XPL,carbonate_1223/XPL-1223/train/class22/Vug.3278.jpg,data/raw/XPL/train/class22_pore/Vug.3278.jpg,549219,81223f9c4a30e20e3aa74dffe796b4d0fae091ad80bd33b444cd076ed9a0bc53
10.5281/zenodo.18061204,class22,Pore,train,Vug.3333,XPL,carbonate_1223/XPL-1223/train/class22/Vug.3333.jpg,data/raw/XPL/train/class22_pore/Vug.3333.jpg,682832,b66bb28e7782025fdcf7cef3f876de501dac084db5c9084f3a15f543e86bafef
10.5281/zenodo.18061204,class22,Pore,train,Vug.4003,XPL,carbonate_1223/XPL-1223/train/class22/Vug.4003.jpg,data/raw/XPL/train/class22_pore/Vug.4003.jpg,490032,ef72c50d53e967ed7dea67b978907fd69a8fb021cba896f9b4de3308948c05ac
10.5281/zenodo.18061204,class22,Pore,train,Vug.4350,XPL,carbonate_1223/XPL-1223/train/class22/Vug.4350.jpg,data/raw/XPL/train/class22_pore/Vug.4350.jpg,775733,e98bd295b1e126d044237bf9496658f8dcb85d0c0c965433f43cbf88eb281f45
10.5281/zenodo.18061204,class22,Pore,train,Vug.4712,XPL,carbonate_1223/XPL-1223/train/class22/Vug.4712.jpg,data/raw/XPL/train/class22_pore/Vug.4712.jpg,501247,948ac935edfc2743387d6f03f535573d183554b096d5aaa6379c9dafefc0e163
10.5281/zenodo.18061204,class22,Pore,train,Vug.4734,XPL,carbonate_1223/XPL-1223/train/class22/Vug.4734.jpg,data/raw/XPL/train/class22_pore/Vug.4734.jpg,519425,c9216591761e66bec75252084e78f248d3f69e907d0ac6b875d6acbef91a9cee
10.5281/zenodo.18061204,class22,Pore,train,Vug.4797,XPL,carbonate_1223/XPL-1223/train/class22/Vug.4797.jpg,data/raw/XPL/train/class22_pore/Vug.4797.jpg,623081,158302f8e084c2e037b3be4341cec9f4d457f17d7ea722be4b7207bcd0ea582f
10.5281/zenodo.18061204,class22,Pore,train,Vug.5124,XPL,carbonate_1223/XPL-1223/train/class22/Vug.5124.jpg,data/raw/XPL/train/class22_pore/Vug.5124.jpg,432657,1b65c9d844c039c77fdb256db78571543ecb1f1f48d8aeb8abc74519f46fa79d
10.5281/zenodo.18061204,class22,Pore,train,Vug.5157,XPL,carbonate_1223/XPL-1223/train/class22/Vug.5157.jpg,data/raw/XPL/train/class22_pore/Vug.5157.jpg,565113,ec35a187f62c2d22706f4696f5f35453da9829357bd6827a329139f2d5072c3b
10.5281/zenodo.18061204,class22,Pore,train,Vug.530,XPL,carbonate_1223/XPL-1223/train/class22/Vug.530.jpg,data/raw/XPL/train/class22_pore/Vug.530.jpg,711389,256c48ccdf92a9163c4c2f8a29b1b41fdf59e3a870ba1296a84aa73192712abc
10.5281/zenodo.18061204,class22,Pore,train,Vug.5318,XPL,carbonate_1223/XPL-1223/train/class22/Vug.5318.jpg,data/raw/XPL/train/class22_pore/Vug.5318.jpg,608010,135c88f807d526b4f0b703c0903a51af179a548050df60ca56101a7a3fc4e91e
10.5281/zenodo.18061204,class22,Pore,train,Vug.5417,XPL,carbonate_1223/XPL-1223/train/class22/Vug.5417.jpg,data/raw/XPL/train/class22_pore/Vug.5417.jpg,718364,b430be088b3a10dc408152c28a32cc93228943f48cb9439e7c9be8967fc402dd
10.5281/zenodo.18061204,class22,Pore,train,Vug.5591,XPL,carbonate_1223/XPL-1223/train/class22/Vug.5591.jpg,data/raw/XPL/train/class22_pore/Vug.5591.jpg,812579,5f40772e41a75afe3ced2174c976eae3c8812409bdad76419c2f8132d350d676
10.5281/zenodo.18061204,class22,Pore,train,Vug.5601,XPL,carbonate_1223/XPL-1223/train/class22/Vug.5601.jpg,data/raw/XPL/train/class22_pore/Vug.5601.jpg,616978,04c03115ac8b9de64440e035ad94c7a06536864b525721b04541910232357039
10.5281/zenodo.18061204,class22,Pore,train,Vug.58,XPL,carbonate_1223/XPL-1223/train/class22/Vug.58.jpg,data/raw/XPL/train/class22_pore/Vug.58.jpg,460080,b364639651fb533512e38ade5db3d0465fcf5f78afd59a4604db0046edc15d48
10.5281/zenodo.18061204,class22,Pore,train,Vug.5813,XPL,carbonate_1223/XPL-1223/train/class22/Vug.5813.jpg,data/raw/XPL/train/class22_pore/Vug.5813.jpg,522294,a76fc38a0aa1c559fbe3dc1bd9ef0cd06bd28aa97db24ab9908db254ed6cae20
10.5281/zenodo.18061204,class22,Pore,train,Vug.6370,XPL,carbonate_1223/XPL-1223/train/class22/Vug.6370.jpg,data/raw/XPL/train/class22_pore/Vug.6370.jpg,439905,a60a2488729ffac73682152503eefbbd2c8052722f7803714962e8308490a8a2
10.5281/zenodo.18061204,class22,Pore,train,Vug.76,XPL,carbonate_1223/XPL-1223/train/class22/Vug.76.jpg,data/raw/XPL/train/class22_pore/Vug.76.jpg,480010,dec726000d5ebac2e54831d6f433e1ded5baca12065c4ff428c2bab0ba777837
10.5281/zenodo.18061204,class10,Cemented fracture,val,Fracture.21,XPL,carbonate_1223/XPL-1223/val/class10/Fracture.21.jpg,data/raw/XPL/val/class10_cemented_fracture/Fracture.21.jpg,392331,caa5f84af2b896842dea892553acb3a51a18d4b234fee04b6e9972ed757bf8c5
10.5281/zenodo.18061204,class10,Cemented fracture,val,Fracture.268,XPL,carbonate_1223/XPL-1223/val/class10/Fracture.268.jpg,data/raw/XPL/val/class10_cemented_fracture/Fracture.268.jpg,665901,8af3de82ffc6b3e0d7bc602c447c74849bab3dd522de44c0ec5644fb6dd7ff88
10.5281/zenodo.18061204,class10,Cemented fracture,val,Fracture.280,XPL,carbonate_1223/XPL-1223/val/class10/Fracture.280.jpg,data/raw/XPL/val/class10_cemented_fracture/Fracture.280.jpg,892300,eb33ddcd115e59589dda8462d809a3ad43c1ce198c92ca0350999fa874046387
10.5281/zenodo.18061204,class10,Cemented fracture,val,Fracture.29,XPL,carbonate_1223/XPL-1223/val/class10/Fracture.29.jpg,data/raw/XPL/val/class10_cemented_fracture/Fracture.29.jpg,664983,61492c046188506ab17b879745b896d8fc6914277a319e4ca99d48dfba003d5e
10.5281/zenodo.18061204,class10,Cemented fracture,val,Fracture.37,XPL,carbonate_1223/XPL-1223/val/class10/Fracture.37.jpg,data/raw/XPL/val/class10_cemented_fracture/Fracture.37.jpg,635379,cca65916d0fc19e83f61beab78785e61c4b670d157586deb8a1bd58eab5d82d6
10.5281/zenodo.18061204,class10,Cemented fracture,val,Fracture.67,XPL,carbonate_1223/XPL-1223/val/class10/Fracture.67.jpg,data/raw/XPL/val/class10_cemented_fracture/Fracture.67.jpg,598657,4a62179ef2e5f52b37745c5c9f5e46aa4df12f1015e1c451c355a3076bd0bdcc
10.5281/zenodo.18061204,class10,Cemented fracture,val,Fracture.87,XPL,carbonate_1223/XPL-1223/val/class10/Fracture.87.jpg,data/raw/XPL/val/class10_cemented_fracture/Fracture.87.jpg,726956,7cd2929737441b5b36e5ea0ebeaa6b005642edb5d7adf59ee38cb3cfab25adbe
10.5281/zenodo.18061204,class13,Micritic limestone,val,Micritic_limestone.155,XPL,carbonate_1223/XPL-1223/val/class13/Micritic_limestone.155.jpg,data/raw/XPL/val/class13_micritic_limestone/Micritic_limestone.155.jpg,640574,ef69244b1e91cc64dc640b55867a66b47cf90c817ca0ee61749be347ed241c3f
10.5281/zenodo.18061204,class13,Micritic limestone,val,Micritic_limestone.172,XPL,carbonate_1223/XPL-1223/val/class13/Micritic_limestone.172.jpg,data/raw/XPL/val/class13_micritic_limestone/Micritic_limestone.172.jpg,549489,4183bca678834f06f45a955ad3f6824c18df6a64f9189388da51352633bc4f12
10.5281/zenodo.18061204,class13,Micritic limestone,val,Micritic_limestone.278,XPL,carbonate_1223/XPL-1223/val/class13/Micritic_limestone.278.JPG,data/raw/XPL/val/class13_micritic_limestone/Micritic_limestone.278.JPG,725205,4e980fbc5c3a46451a197a33ea23960f86c1a29dfc7114cc26012c275e703502
10.5281/zenodo.18061204,class13,Micritic limestone,val,Micritic_limestone.5,XPL,carbonate_1223/XPL-1223/val/class13/Micritic_limestone.5.jpg,data/raw/XPL/val/class13_micritic_limestone/Micritic_limestone.5.jpg,810718,ab434e3424a98ae8c03e2812251c2fd4c231079ed8d48b94e2cc139b1b95b945
10.5281/zenodo.18061204,class13,Micritic limestone,val,Micritic_limestone.689,XPL,carbonate_1223/XPL-1223/val/class13/Micritic_limestone.689.jpg,data/raw/XPL/val/class13_micritic_limestone/Micritic_limestone.689.jpg,604045,c37a912451c6d8210a0de36499ce13ec0f8b1364a0c45eee86e216f7759946f6
10.5281/zenodo.18061204,class13,Micritic limestone,val,Micritic_limestone.696,XPL,carbonate_1223/XPL-1223/val/class13/Micritic_limestone.696.jpg,data/raw/XPL/val/class13_micritic_limestone/Micritic_limestone.696.jpg,535992,7c73e5c1e45d0ac3e9d685ba1abd791f77cf60f33ae06c50fd5a1814bbc5f0ff
10.5281/zenodo.18061204,class13,Micritic limestone,val,Micritic_limestone.792,XPL,carbonate_1223/XPL-1223/val/class13/Micritic_limestone.792.jpg,data/raw/XPL/val/class13_micritic_limestone/Micritic_limestone.792.jpg,594698,48a657d3d1eb4dd07fd7d761ff9c941a79c7fb8914641932748d8b93cfc6bf4a
10.5281/zenodo.18061204,class17,Oolite,val,Oolitic.18,XPL,carbonate_1223/XPL-1223/val/class17/Oolitic.18.jpg,data/raw/XPL/val/class17_oolite/Oolitic.18.jpg,613662,862f24aa37714eacfb6e18c7143b773082b801bcbdb8c3bbdf71d8bf0eb1d77c
10.5281/zenodo.18061204,class17,Oolite,val,Oolitic.2,XPL,carbonate_1223/XPL-1223/val/class17/Oolitic.2.jpg,data/raw/XPL/val/class17_oolite/Oolitic.2.jpg,538837,90571bc22300012f7acbeb014cc4aa6c5bb4320bb5fc29bb5b913b81e77e1336
10.5281/zenodo.18061204,class17,Oolite,val,Oolitic.21,XPL,carbonate_1223/XPL-1223/val/class17/Oolitic.21.jpg,data/raw/XPL/val/class17_oolite/Oolitic.21.jpg,647123,c61e2cf046c8ac31ca60cabe098c2986c63428cfc7faa7b0123c4360dfe8495a
10.5281/zenodo.18061204,class17,Oolite,val,Oolitic.27,XPL,carbonate_1223/XPL-1223/val/class17/Oolitic.27.jpg,data/raw/XPL/val/class17_oolite/Oolitic.27.jpg,563117,bb8ff33928c855e44ac233ad9dc87fa7def6b0c72c54438a7908e837874819b5
10.5281/zenodo.18061204,class17,Oolite,val,Oolitic.38,XPL,carbonate_1223/XPL-1223/val/class17/Oolitic.38.jpg,data/raw/XPL/val/class17_oolite/Oolitic.38.jpg,614347,c0adfcb2c871bbd16fa9213bdc49a7439bfe5383986956709113dee1cb59daa8
10.5281/zenodo.18061204,class17,Oolite,val,Oolitic.40,XPL,carbonate_1223/XPL-1223/val/class17/Oolitic.40.jpg,data/raw/XPL/val/class17_oolite/Oolitic.40.jpg,500286,4930c7d3267002af2342790e07ee2411634139ec3ea420ec40d5709e5108cdb1
10.5281/zenodo.18061204,class17,Oolite,val,Oolitic.7,XPL,carbonate_1223/XPL-1223/val/class17/Oolitic.7.jpg,data/raw/XPL/val/class17_oolite/Oolitic.7.jpg,530422,dbcc2e0f71487815311ba5c2e483d8dd15b669e59b49f19dc75d641952059fba
10.5281/zenodo.18061204,class22,Pore,val,Vug.1159,XPL,carbonate_1223/XPL-1223/val/class22/Vug.1159.jpg,data/raw/XPL/val/class22_pore/Vug.1159.jpg,574113,aecacc9c18f699b7f16b54a8dccc07d23d40116ffe8d86dde784d846c824f021
10.5281/zenodo.18061204,class22,Pore,val,Vug.1659,XPL,carbonate_1223/XPL-1223/val/class22/Vug.1659.jpg,data/raw/XPL/val/class22_pore/Vug.1659.jpg,778656,2768a625384f6014999559c9b9d41ad985cbda19518c9904bd631ba92b05be9f
10.5281/zenodo.18061204,class22,Pore,val,Vug.1686,XPL,carbonate_1223/XPL-1223/val/class22/Vug.1686.jpg,data/raw/XPL/val/class22_pore/Vug.1686.jpg,484412,d846f6d522438b86312d99abae3f30ff1718bd46d4ee1aab503c1331f095b97d
10.5281/zenodo.18061204,class22,Pore,val,Vug.1693,XPL,carbonate_1223/XPL-1223/val/class22/Vug.1693.jpg,data/raw/XPL/val/class22_pore/Vug.1693.jpg,559622,b08d300c35e267a54573fd5e94fa120ed91961ae15fd750a5ed8fe4bfd6d608f
10.5281/zenodo.18061204,class22,Pore,val,Vug.1731,XPL,carbonate_1223/XPL-1223/val/class22/Vug.1731.jpg,data/raw/XPL/val/class22_pore/Vug.1731.jpg,315187,a19ce2b1b17756f620209df0a4b3f347f648300778d78da3b9d5cb38d00b0c43
10.5281/zenodo.18061204,class22,Pore,val,Vug.1753,XPL,carbonate_1223/XPL-1223/val/class22/Vug.1753.jpg,data/raw/XPL/val/class22_pore/Vug.1753.jpg,252266,edc6412bc5b74e3dbc8c725e1a85f6ef211a9c2483e7f2d444683676a61308ba
10.5281/zenodo.18061204,class22,Pore,val,Vug.412,XPL,carbonate_1223/XPL-1223/val/class22/Vug.412.jpg,data/raw/XPL/val/class22_pore/Vug.412.jpg,464892,70d3f201c918b81bcfed847c736c6826a34178ec593118e09230af450115258a
