embedding_row,sample_id,mode,split,class_name,path
0,Fracture.1002,PPL,train,class10_cemented_fracture,/content/PetroVision-Multimodal/data/raw/PPL/train/class10_cemented_fracture/Fracture.1002.jpg
1,Fracture.1047,PPL,train,class10_cemented_fracture,/content/PetroVision-Multimodal/data/raw/PPL/train/class10_cemented_fracture/Fracture.1047.jpg
2,Fracture.1072,PPL,train,class10_cemented_fracture,/content/PetroVision-Multimodal/data/raw/PPL/train/class10_cemented_fracture/Fracture.1072.jpg
3,Fracture.1116,PPL,train,class10_cemented_fracture,/content/PetroVision-Multimodal/data/raw/PPL/train/class10_cemented_fracture/Fracture.1116.jpg
4,Fracture.118,PPL,train,class10_cemented_fracture,/content/PetroVision-Multimodal/data/raw/PPL/train/class10_cemented_fracture/Fracture.118.jpg
5,Fracture.370,PPL,train,class10_cemented_fracture,/content/PetroVision-Multimodal/data/raw/PPL/train/class10_cemented_fracture/Fracture.370.jpg
6,Fracture.383,PPL,train,class10_cemented_fracture,/content/PetroVision-Multimodal/data/raw/PPL/train/class10_cemented_fracture/Fracture.383.jpg
7,Fracture.399,PPL,train,class10_cemented_fracture,/content/PetroVision-Multimodal/data/raw/PPL/train/class10_cemented_fracture/Fracture.399.jpg
8,Fracture.402,PPL,train,class10_cemented_fracture,/content/PetroVision-Multimodal/data/raw/PPL/train/class10_cemented_fracture/Fracture.402.jpg
9,Fracture.442,PPL,train,class10_cemented_fracture,/content/PetroVision-Multimodal/data/raw/PPL/train/class10_cemented_fracture/Fracture.442.jpg
10,Fracture.465,PPL,train,class10_cemented_fracture,/content/PetroVision-Multimodal/data/raw/PPL/train/class10_cemented_fracture/Fracture.465.jpg
11,Fracture.531,PPL,train,class10_cemented_fracture,/content/PetroVision-Multimodal/data/raw/PPL/train/class10_cemented_fracture/Fracture.531.jpg
12,Fracture.595,PPL,train,class10_cemented_fracture,/content/PetroVision-Multimodal/data/raw/PPL/train/class10_cemented_fracture/Fracture.595.jpg
13,Fracture.597,PPL,train,class10_cemented_fracture,/content/PetroVision-Multimodal/data/raw/PPL/train/class10_cemented_fracture/Fracture.597.jpg
14,Fracture.601,PPL,train,class10_cemented_fracture,/content/PetroVision-Multimodal/data/raw/PPL/train/class10_cemented_fracture/Fracture.601.jpg
15,Fracture.608,PPL,train,class10_cemented_fracture,/content/PetroVision-Multimodal/data/raw/PPL/train/class10_cemented_fracture/Fracture.608.jpg
16,Fracture.622,PPL,train,class10_cemented_fracture,/content/PetroVision-Multimodal/data/raw/PPL/train/class10_cemented_fracture/Fracture.622.jpg
17,Fracture.638,PPL,train,class10_cemented_fracture,/content/PetroVision-Multimodal/data/raw/PPL/train/class10_cemented_fracture/Fracture.638.jpg
18,Fracture.642,PPL,train,class10_cemented_fracture,/content/PetroVision-Multimodal/data/raw/PPL/train/class10_cemented_fracture/Fracture.642.jpg
19,Fracture.643,PPL,train,class10_cemented_fracture,/content/PetroVision-Multimodal/data/raw/PPL/train/class10_cemented_fracture/Fracture.643.jpg
20,Fracture.650,PPL,train,class10_cemented_fracture,/content/PetroVision-Multimodal/data/raw/PPL/train/class10_cemented_fracture/Fracture.650.jpg
21,Fracture.653,PPL,train,class10_cemented_fracture,/content/PetroVision-Multimodal/data/raw/PPL/train/class10_cemented_fracture/Fracture.653.jpg
22,Fracture.741,PPL,train,class10_cemented_fracture,/content/PetroVision-Multimodal/data/raw/PPL/train/class10_cemented_fracture/Fracture.741.jpg
23,Fracture.765,PPL,train,class10_cemented_fracture,/content/PetroVision-Multimodal/data/raw/PPL/train/class10_cemented_fracture/Fracture.765.jpg
24,Fracture.793,PPL,train,class10_cemented_fracture,/content/PetroVision-Multimodal/data/raw/PPL/train/class10_cemented_fracture/Fracture.793.jpg
25,Fracture.796,PPL,train,class10_cemented_fracture,/content/PetroVision-Multimodal/data/raw/PPL/train/class10_cemented_fracture/Fracture.796.jpg
26,Fracture.805,PPL,train,class10_cemented_fracture,/content/PetroVision-Multimodal/data/raw/PPL/train/class10_cemented_fracture/Fracture.805.jpg
27,Fracture.850,PPL,train,class10_cemented_fracture,/content/PetroVision-Multimodal/data/raw/PPL/train/class10_cemented_fracture/Fracture.850.jpg
28,Fracture.876,PPL,train,class10_cemented_fracture,/content/PetroVision-Multimodal/data/raw/PPL/train/class10_cemented_fracture/Fracture.876.jpg
29,Fracture.9,PPL,train,class10_cemented_fracture,/content/PetroVision-Multimodal/data/raw/PPL/train/class10_cemented_fracture/Fracture.9.jpg
30,Micritic_limestone.1022,PPL,train,class13_micritic_limestone,/content/PetroVision-Multimodal/data/raw/PPL/train/class13_micritic_limestone/Micritic_limestone.1022.jpg
31,Micritic_limestone.1189,PPL,train,class13_micritic_limestone,/content/PetroVision-Multimodal/data/raw/PPL/train/class13_micritic_limestone/Micritic_limestone.1189.jpg
32,Micritic_limestone.1267,PPL,train,class13_micritic_limestone,/content/PetroVision-Multimodal/data/raw/PPL/train/class13_micritic_limestone/Micritic_limestone.1267.jpg
33,Micritic_limestone.1278,PPL,train,class13_micritic_limestone,/content/PetroVision-Multimodal/data/raw/PPL/train/class13_micritic_limestone/Micritic_limestone.1278.jpg
34,Micritic_limestone.1403,PPL,train,class13_micritic_limestone,/content/PetroVision-Multimodal/data/raw/PPL/train/class13_micritic_limestone/Micritic_limestone.1403.jpg
35,Micritic_limestone.1410,PPL,train,class13_micritic_limestone,/content/PetroVision-Multimodal/data/raw/PPL/train/class13_micritic_limestone/Micritic_limestone.1410.jpg
36,Micritic_limestone.153,PPL,train,class13_micritic_limestone,/content/PetroVision-Multimodal/data/raw/PPL/train/class13_micritic_limestone/Micritic_limestone.153.jpg
37,Micritic_limestone.1548,PPL,train,class13_micritic_limestone,/content/PetroVision-Multimodal/data/raw/PPL/train/class13_micritic_limestone/Micritic_limestone.1548.jpg
38,Micritic_limestone.1737,PPL,train,class13_micritic_limestone,/content/PetroVision-Multimodal/data/raw/PPL/train/class13_micritic_limestone/Micritic_limestone.1737.jpg
39,Micritic_limestone.174,PPL,train,class13_micritic_limestone,/content/PetroVision-Multimodal/data/raw/PPL/train/class13_micritic_limestone/Micritic_limestone.174.jpg
40,Micritic_limestone.1823,PPL,train,class13_micritic_limestone,/content/PetroVision-Multimodal/data/raw/PPL/train/class13_micritic_limestone/Micritic_limestone.1823.jpg
41,Micritic_limestone.20,PPL,train,class13_micritic_limestone,/content/PetroVision-Multimodal/data/raw/PPL/train/class13_micritic_limestone/Micritic_limestone.20.jpg
42,Micritic_limestone.2118,PPL,train,class13_micritic_limestone,/content/PetroVision-Multimodal/data/raw/PPL/train/class13_micritic_limestone/Micritic_limestone.2118.jpg
43,Micritic_limestone.2209,PPL,train,class13_micritic_limestone,/content/PetroVision-Multimodal/data/raw/PPL/train/class13_micritic_limestone/Micritic_limestone.2209.jpg
44,Micritic_limestone.2460,PPL,train,class13_micritic_limestone,/content/PetroVision-Multimodal/data/raw/PPL/train/class13_micritic_limestone/Micritic_limestone.2460.jpg
45,Micritic_limestone.2485,PPL,train,class13_micritic_limestone,/content/PetroVision-Multimodal/data/raw/PPL/train/class13_micritic_limestone/Micritic_limestone.2485.jpg
46,Micritic_limestone.2486,PPL,train,class13_micritic_limestone,/content/PetroVision-Multimodal/data/raw/PPL/train/class13_micritic_limestone/Micritic_limestone.2486.jpg
47,Micritic_limestone.2564,PPL,train,class13_micritic_limestone,/content/PetroVision-Multimodal/data/raw/PPL/train/class13_micritic_limestone/Micritic_limestone.2564.jpg
48,Micritic_limestone.2586,PPL,train,class13_micritic_limestone,/content/PetroVision-Multimodal/data/raw/PPL/train/class13_micritic_limestone/Micritic_limestone.2586.jpg
49,Micritic_limestone.2648,PPL,train,class13_micritic_limestone,/content/PetroVision-Multimodal/data/raw/PPL/train/class13_micritic_limestone/Micritic_limestone.2648.jpg
50,Micritic_limestone.2669,PPL,train,class13_micritic_limestone,/content/PetroVision-Multimodal/data/raw/PPL/train/class13_micritic_limestone/Micritic_limestone.2669.jpg
51,Micritic_limestone.2697,PPL,train,class13_micritic_limestone,/content/PetroVision-Multimodal/data/raw/PPL/train/class13_micritic_limestone/Micritic_limestone.2697.jpg
52,Micritic_limestone.2836,PPL,train,class13_micritic_limestone,/content/PetroVision-Multimodal/data/raw/PPL/train/class13_micritic_limestone/Micritic_limestone.2836.jpg
53,Micritic_limestone.2884,PPL,train,class13_micritic_limestone,/content/PetroVision-Multimodal/data/raw/PPL/train/class13_micritic_limestone/Micritic_limestone.2884.jpg
54,Micritic_limestone.2959,PPL,train,class13_micritic_limestone,/content/PetroVision-Multimodal/data/raw/PPL/train/class13_micritic_limestone/Micritic_limestone.2959.jpg
55,Micritic_limestone.34,PPL,train,class13_micritic_limestone,/content/PetroVision-Multimodal/data/raw/PPL/train/class13_micritic_limestone/Micritic_limestone.34.jpg
56,Micritic_limestone.379,PPL,train,class13_micritic_limestone,/content/PetroVision-Multimodal/data/raw/PPL/train/class13_micritic_limestone/Micritic_limestone.379.jpg
57,Micritic_limestone.403,PPL,train,class13_micritic_limestone,/content/PetroVision-Multimodal/data/raw/PPL/train/class13_micritic_limestone/Micritic_limestone.403.jpg
58,Micritic_limestone.758,PPL,train,class13_micritic_limestone,/content/PetroVision-Multimodal/data/raw/PPL/train/class13_micritic_limestone/Micritic_limestone.758.jpg
59,Micritic_limestone.759,PPL,train,class13_micritic_limestone,/content/PetroVision-Multimodal/data/raw/PPL/train/class13_micritic_limestone/Micritic_limestone.759.jpg
60,Oolitic.100,PPL,train,class17_oolite,/content/PetroVision-Multimodal/data/raw/PPL/train/class17_oolite/Oolitic.100.jpg
61,Oolitic.102,PPL,train,class17_oolite,/content/PetroVision-Multimodal/data/raw/PPL/train/class17_oolite/Oolitic.102.jpg
62,Oolitic.103,PPL,train,class17_oolite,/content/PetroVision-Multimodal/data/raw/PPL/train/class17_oolite/Oolitic.103.jpg
63,Oolitic.11,PPL,train,class17_oolite,/content/PetroVision-Multimodal/data/raw/PPL/train/class17_oolite/Oolitic.11.jpg
64,Oolitic.115,PPL,train,class17_oolite,/content/PetroVision-Multimodal/data/raw/PPL/train/class17_oolite/Oolitic.115.jpg
65,Oolitic.116,PPL,train,class17_oolite,/content/PetroVision-Multimodal/data/raw/PPL/train/class17_oolite/Oolitic.116.jpg
66,Oolitic.129,PPL,train,class17_oolite,/content/PetroVision-Multimodal/data/raw/PPL/train/class17_oolite/Oolitic.129.jpg
67,Oolitic.137,PPL,train,class17_oolite,/content/PetroVision-Multimodal/data/raw/PPL/train/class17_oolite/Oolitic.137.jpg
68,Oolitic.139,PPL,train,class17_oolite,/content/PetroVision-Multimodal/data/raw/PPL/train/class17_oolite/Oolitic.139.jpg
69,Oolitic.142,PPL,train,class17_oolite,/content/PetroVision-Multimodal/data/raw/PPL/train/class17_oolite/Oolitic.142.jpg
70,Oolitic.147,PPL,train,class17_oolite,/content/PetroVision-Multimodal/data/raw/PPL/train/class17_oolite/Oolitic.147.jpg
71,Oolitic.15,PPL,train,class17_oolite,/content/PetroVision-Multimodal/data/raw/PPL/train/class17_oolite/Oolitic.15.jpg
72,Oolitic.17,PPL,train,class17_oolite,/content/PetroVision-Multimodal/data/raw/PPL/train/class17_oolite/Oolitic.17.jpg
73,Oolitic.18,PPL,train,class17_oolite,/content/PetroVision-Multimodal/data/raw/PPL/train/class17_oolite/Oolitic.18.jpg
74,Oolitic.20,PPL,train,class17_oolite,/content/PetroVision-Multimodal/data/raw/PPL/train/class17_oolite/Oolitic.20.jpg
75,Oolitic.25,PPL,train,class17_oolite,/content/PetroVision-Multimodal/data/raw/PPL/train/class17_oolite/Oolitic.25.jpg
76,Oolitic.27,PPL,train,class17_oolite,/content/PetroVision-Multimodal/data/raw/PPL/train/class17_oolite/Oolitic.27.jpg
77,Oolitic.3,PPL,train,class17_oolite,/content/PetroVision-Multimodal/data/raw/PPL/train/class17_oolite/Oolitic.3.jpg
78,Oolitic.31,PPL,train,class17_oolite,/content/PetroVision-Multimodal/data/raw/PPL/train/class17_oolite/Oolitic.31.jpg
79,Oolitic.5,PPL,train,class17_oolite,/content/PetroVision-Multimodal/data/raw/PPL/train/class17_oolite/Oolitic.5.jpg
80,Oolitic.61,PPL,train,class17_oolite,/content/PetroVision-Multimodal/data/raw/PPL/train/class17_oolite/Oolitic.61.jpg
81,Oolitic.63,PPL,train,class17_oolite,/content/PetroVision-Multimodal/data/raw/PPL/train/class17_oolite/Oolitic.63.jpg
82,Oolitic.65,PPL,train,class17_oolite,/content/PetroVision-Multimodal/data/raw/PPL/train/class17_oolite/Oolitic.65.jpg
83,Oolitic.66,PPL,train,class17_oolite,/content/PetroVision-Multimodal/data/raw/PPL/train/class17_oolite/Oolitic.66.jpg
84,Oolitic.76,PPL,train,class17_oolite,/content/PetroVision-Multimodal/data/raw/PPL/train/class17_oolite/Oolitic.76.jpg
85,Oolitic.88,PPL,train,class17_oolite,/content/PetroVision-Multimodal/data/raw/PPL/train/class17_oolite/Oolitic.88.jpg
86,Oolitic.9,PPL,train,class17_oolite,/content/PetroVision-Multimodal/data/raw/PPL/train/class17_oolite/Oolitic.9.jpg
87,Oolitic.93,PPL,train,class17_oolite,/content/PetroVision-Multimodal/data/raw/PPL/train/class17_oolite/Oolitic.93.jpg
88,Oolitic.97,PPL,train,class17_oolite,/content/PetroVision-Multimodal/data/raw/PPL/train/class17_oolite/Oolitic.97.jpg
89,Oolitic.99,PPL,train,class17_oolite,/content/PetroVision-Multimodal/data/raw/PPL/train/class17_oolite/Oolitic.99.jpg
90,Vug.1770,PPL,train,class22_pore,/content/PetroVision-Multimodal/data/raw/PPL/train/class22_pore/Vug.1770.jpg
91,Vug.1798,PPL,train,class22_pore,/content/PetroVision-Multimodal/data/raw/PPL/train/class22_pore/Vug.1798.jpg
92,Vug.1946,PPL,train,class22_pore,/content/PetroVision-Multimodal/data/raw/PPL/train/class22_pore/Vug.1946.jpg
93,Vug.1971,PPL,train,class22_pore,/content/PetroVision-Multimodal/data/raw/PPL/train/class22_pore/Vug.1971.jpg
94,Vug.1975,PPL,train,class22_pore,/content/PetroVision-Multimodal/data/raw/PPL/train/class22_pore/Vug.1975.jpg
95,Vug.1978,PPL,train,class22_pore,/content/PetroVision-Multimodal/data/raw/PPL/train/class22_pore/Vug.1978.jpg
96,Vug.2399,PPL,train,class22_pore,/content/PetroVision-Multimodal/data/raw/PPL/train/class22_pore/Vug.2399.jpg
97,Vug.250,PPL,train,class22_pore,/content/PetroVision-Multimodal/data/raw/PPL/train/class22_pore/Vug.250.jpg
98,Vug.2501,PPL,train,class22_pore,/content/PetroVision-Multimodal/data/raw/PPL/train/class22_pore/Vug.2501.jpg
99,Vug.2629,PPL,train,class22_pore,/content/PetroVision-Multimodal/data/raw/PPL/train/class22_pore/Vug.2629.jpg
100,Vug.284,PPL,train,class22_pore,/content/PetroVision-Multimodal/data/raw/PPL/train/class22_pore/Vug.284.jpg
101,Vug.2987,PPL,train,class22_pore,/content/PetroVision-Multimodal/data/raw/PPL/train/class22_pore/Vug.2987.jpg
102,Vug.3065,PPL,train,class22_pore,/content/PetroVision-Multimodal/data/raw/PPL/train/class22_pore/Vug.3065.jpg
103,Vug.3314,PPL,train,class22_pore,/content/PetroVision-Multimodal/data/raw/PPL/train/class22_pore/Vug.3314.jpg
104,Vug.3325,PPL,train,class22_pore,/content/PetroVision-Multimodal/data/raw/PPL/train/class22_pore/Vug.3325.jpg
105,Vug.3489,PPL,train,class22_pore,/content/PetroVision-Multimodal/data/raw/PPL/train/class22_pore/Vug.3489.jpg
106,Vug.3621,PPL,train,class22_pore,/content/PetroVision-Multimodal/data/raw/PPL/train/class22_pore/Vug.3621.jpg
107,Vug.3717,PPL,train,class22_pore,/content/PetroVision-Multimodal/data/raw/PPL/train/class22_pore/Vug.3717.jpg
108,Vug.3807,PPL,train,class22_pore,/content/PetroVision-Multimodal/data/raw/PPL/train/class22_pore/Vug.3807.jpg
109,Vug.499,PPL,train,class22_pore,/content/PetroVision-Multimodal/data/raw/PPL/train/class22_pore/Vug.499.jpg
110,Vug.5169,PPL,train,class22_pore,/content/PetroVision-Multimodal/data/raw/PPL/train/class22_pore/Vug.5169.jpg
111,Vug.5453,PPL,train,class22_pore,/content/PetroVision-Multimodal/data/raw/PPL/train/class22_pore/Vug.5453.jpg
112,Vug.561,PPL,train,class22_pore,/content/PetroVision-Multimodal/data/raw/PPL/train/class22_pore/Vug.561.jpg
113,Vug.5776,PPL,train,class22_pore,/content/PetroVision-Multimodal/data/raw/PPL/train/class22_pore/Vug.5776.jpg
114,Vug.5806,PPL,train,class22_pore,/content/PetroVision-Multimodal/data/raw/PPL/train/class22_pore/Vug.5806.jpg
115,Vug.5885,PPL,train,class22_pore,/content/PetroVision-Multimodal/data/raw/PPL/train/class22_pore/Vug.5885.jpg
116,Vug.6085,PPL,train,class22_pore,/content/PetroVision-Multimodal/data/raw/PPL/train/class22_pore/Vug.6085.jpg
117,Vug.6105,PPL,train,class22_pore,/content/PetroVision-Multimodal/data/raw/PPL/train/class22_pore/Vug.6105.jpg
118,Vug.6352,PPL,train,class22_pore,/content/PetroVision-Multimodal/data/raw/PPL/train/class22_pore/Vug.6352.jpg
119,Vug.858,PPL,train,class22_pore,/content/PetroVision-Multimodal/data/raw/PPL/train/class22_pore/Vug.858.jpg
120,Fracture.1024,XPL,train,class10_cemented_fracture,/content/PetroVision-Multimodal/data/raw/XPL/train/class10_cemented_fracture/Fracture.1024.jpg
121,Fracture.1178,XPL,train,class10_cemented_fracture,/content/PetroVision-Multimodal/data/raw/XPL/train/class10_cemented_fracture/Fracture.1178.jpg
122,Fracture.13,XPL,train,class10_cemented_fracture,/content/PetroVision-Multimodal/data/raw/XPL/train/class10_cemented_fracture/Fracture.13.jpg
123,Fracture.147,XPL,train,class10_cemented_fracture,/content/PetroVision-Multimodal/data/raw/XPL/train/class10_cemented_fracture/Fracture.147.jpg
124,Fracture.164,XPL,train,class10_cemented_fracture,/content/PetroVision-Multimodal/data/raw/XPL/train/class10_cemented_fracture/Fracture.164.jpg
125,Fracture.168,XPL,train,class10_cemented_fracture,/content/PetroVision-Multimodal/data/raw/XPL/train/class10_cemented_fracture/Fracture.168.jpg
126,Fracture.169,XPL,train,class10_cemented_fracture,/content/PetroVision-Multimodal/data/raw/XPL/train/class10_cemented_fracture/Fracture.169.jpg
127,Fracture.179,XPL,train,class10_cemented_fracture,/content/PetroVision-Multimodal/data/raw/XPL/train/class10_cemented_fracture/Fracture.179.jpg
128,Fracture.199,XPL,train,class10_cemented_fracture,/content/PetroVision-Multimodal/data/raw/XPL/train/class10_cemented_fracture/Fracture.199.jpg
129,Fracture.266,XPL,train,class10_cemented_fracture,/content/PetroVision-Multimodal/data/raw/XPL/train/class10_cemented_fracture/Fracture.266.jpg
130,Fracture.276,XPL,train,class10_cemented_fracture,/content/PetroVision-Multimodal/data/raw/XPL/train/class10_cemented_fracture/Fracture.276.jpg
131,Fracture.313,XPL,train,class10_cemented_fracture,/content/PetroVision-Multimodal/data/raw/XPL/train/class10_cemented_fracture/Fracture.313.jpg
132,Fracture.315,XPL,train,class10_cemented_fracture,/content/PetroVision-Multimodal/data/raw/XPL/train/class10_cemented_fracture/Fracture.315.jpg
133,Fracture.371,XPL,train,class10_cemented_fracture,/content/PetroVision-Multimodal/data/raw/XPL/train/class10_cemented_fracture/Fracture.371.jpg
134,Fracture.438,XPL,train,class10_cemented_fracture,/content/PetroVision-Multimodal/data/raw/XPL/train/class10_cemented_fracture/Fracture.438.jpg
135,Fracture.439,XPL,train,class10_cemented_fracture,/content/PetroVision-Multimodal/data/raw/XPL/train/class10_cemented_fracture/Fracture.439.jpg
136,Fracture.441,XPL,train,class10_cemented_fracture,/content/PetroVision-Multimodal/data/raw/XPL/train/class10_cemented_fracture/Fracture.441.jpg
137,Fracture.462,XPL,train,class10_cemented_fracture,/content/PetroVision-Multimodal/data/raw/XPL/train/class10_cemented_fracture/Fracture.462.JPG
138,Fracture.464,XPL,train,class10_cemented_fracture,/content/PetroVision-Multimodal/data/raw/XPL/train/class10_cemented_fracture/Fracture.464.JPG
139,Fracture.517,XPL,train,class10_cemented_fracture,/content/PetroVision-Multimodal/data/raw/XPL/train/class10_cemented_fracture/Fracture.517.jpg
140,Fracture.581,XPL,train,class10_cemented_fracture,/content/PetroVision-Multimodal/data/raw/XPL/train/class10_cemented_fracture/Fracture.581.jpg
141,Fracture.596,XPL,train,class10_cemented_fracture,/content/PetroVision-Multimodal/data/raw/XPL/train/class10_cemented_fracture/Fracture.596.jpg
142,Fracture.648,XPL,train,class10_cemented_fracture,/content/PetroVision-Multimodal/data/raw/XPL/train/class10_cemented_fracture/Fracture.648.jpg
143,Fracture.687,XPL,train,class10_cemented_fracture,/content/PetroVision-Multimodal/data/raw/XPL/train/class10_cemented_fracture/Fracture.687.jpg
144,Fracture.732,XPL,train,class10_cemented_fracture,/content/PetroVision-Multimodal/data/raw/XPL/train/class10_cemented_fracture/Fracture.732.jpg
145,Fracture.753,XPL,train,class10_cemented_fracture,/content/PetroVision-Multimodal/data/raw/XPL/train/class10_cemented_fracture/Fracture.753.jpg
146,Fracture.788,XPL,train,class10_cemented_fracture,/content/PetroVision-Multimodal/data/raw/XPL/train/class10_cemented_fracture/Fracture.788.jpg
147,Fracture.896,XPL,train,class10_cemented_fracture,/content/PetroVision-Multimodal/data/raw/XPL/train/class10_cemented_fracture/Fracture.896.jpg
148,Fracture.956,XPL,train,class10_cemented_fracture,/content/PetroVision-Multimodal/data/raw/XPL/train/class10_cemented_fracture/Fracture.956.jpg
149,Fracture.981,XPL,train,class10_cemented_fracture,/content/PetroVision-Multimodal/data/raw/XPL/train/class10_cemented_fracture/Fracture.981.jpg
150,Micritic_limestone.1262,XPL,train,class13_micritic_limestone,/content/PetroVision-Multimodal/data/raw/XPL/train/class13_micritic_limestone/Micritic_limestone.1262.jpg
151,Micritic_limestone.197,XPL,train,class13_micritic_limestone,/content/PetroVision-Multimodal/data/raw/XPL/train/class13_micritic_limestone/Micritic_limestone.197.jpg
152,Micritic_limestone.2061,XPL,train,class13_micritic_limestone,/content/PetroVision-Multimodal/data/raw/XPL/train/class13_micritic_limestone/Micritic_limestone.2061.jpg
153,Micritic_limestone.2080,XPL,train,class13_micritic_limestone,/content/PetroVision-Multimodal/data/raw/XPL/train/class13_micritic_limestone/Micritic_limestone.2080.jpg
154,Micritic_limestone.2120,XPL,train,class13_micritic_limestone,/content/PetroVision-Multimodal/data/raw/XPL/train/class13_micritic_limestone/Micritic_limestone.2120.jpg
155,Micritic_limestone.2134,XPL,train,class13_micritic_limestone,/content/PetroVision-Multimodal/data/raw/XPL/train/class13_micritic_limestone/Micritic_limestone.2134.jpg
156,Micritic_limestone.2170,XPL,train,class13_micritic_limestone,/content/PetroVision-Multimodal/data/raw/XPL/train/class13_micritic_limestone/Micritic_limestone.2170.jpg
157,Micritic_limestone.2177,XPL,train,class13_micritic_limestone,/content/PetroVision-Multimodal/data/raw/XPL/train/class13_micritic_limestone/Micritic_limestone.2177.jpg
158,Micritic_limestone.2217,XPL,train,class13_micritic_limestone,/content/PetroVision-Multimodal/data/raw/XPL/train/class13_micritic_limestone/Micritic_limestone.2217.jpg
159,Micritic_limestone.2253,XPL,train,class13_micritic_limestone,/content/PetroVision-Multimodal/data/raw/XPL/train/class13_micritic_limestone/Micritic_limestone.2253.jpg
160,Micritic_limestone.2260,XPL,train,class13_micritic_limestone,/content/PetroVision-Multimodal/data/raw/XPL/train/class13_micritic_limestone/Micritic_limestone.2260.jpg
161,Micritic_limestone.2273,XPL,train,class13_micritic_limestone,/content/PetroVision-Multimodal/data/raw/XPL/train/class13_micritic_limestone/Micritic_limestone.2273.jpg
162,Micritic_limestone.23,XPL,train,class13_micritic_limestone,/content/PetroVision-Multimodal/data/raw/XPL/train/class13_micritic_limestone/Micritic_limestone.23.jpg
163,Micritic_limestone.2563,XPL,train,class13_micritic_limestone,/content/PetroVision-Multimodal/data/raw/XPL/train/class13_micritic_limestone/Micritic_limestone.2563.jpg
164,Micritic_limestone.2613,XPL,train,class13_micritic_limestone,/content/PetroVision-Multimodal/data/raw/XPL/train/class13_micritic_limestone/Micritic_limestone.2613.jpg
165,Micritic_limestone.2839,XPL,train,class13_micritic_limestone,/content/PetroVision-Multimodal/data/raw/XPL/train/class13_micritic_limestone/Micritic_limestone.2839.jpg
166,Micritic_limestone.2851,XPL,train,class13_micritic_limestone,/content/PetroVision-Multimodal/data/raw/XPL/train/class13_micritic_limestone/Micritic_limestone.2851.jpg
167,Micritic_limestone.2862,XPL,train,class13_micritic_limestone,/content/PetroVision-Multimodal/data/raw/XPL/train/class13_micritic_limestone/Micritic_limestone.2862.jpg
168,Micritic_limestone.2885,XPL,train,class13_micritic_limestone,/content/PetroVision-Multimodal/data/raw/XPL/train/class13_micritic_limestone/Micritic_limestone.2885.jpg
169,Micritic_limestone.2891,XPL,train,class13_micritic_limestone,/content/PetroVision-Multimodal/data/raw/XPL/train/class13_micritic_limestone/Micritic_limestone.2891.jpg
170,Micritic_limestone.2913,XPL,train,class13_micritic_limestone,/content/PetroVision-Multimodal/data/raw/XPL/train/class13_micritic_limestone/Micritic_limestone.2913.jpg
171,Micritic_limestone.2952,XPL,train,class13_micritic_limestone,/content/PetroVision-Multimodal/data/raw/XPL/train/class13_micritic_limestone/Micritic_limestone.2952.jpg
172,Micritic_limestone.2993,XPL,train,class13_micritic_limestone,/content/PetroVision-Multimodal/data/raw/XPL/train/class13_micritic_limestone/Micritic_limestone.2993.jpg
173,Micritic_limestone.3006,XPL,train,class13_micritic_limestone,/content/PetroVision-Multimodal/data/raw/XPL/train/class13_micritic_limestone/Micritic_limestone.3006.jpg
174,Micritic_limestone.44,XPL,train,class13_micritic_limestone,/content/PetroVision-Multimodal/data/raw/XPL/train/class13_micritic_limestone/Micritic_limestone.44.jpg
175,Micritic_limestone.486,XPL,train,class13_micritic_limestone,/content/PetroVision-Multimodal/data/raw/XPL/train/class13_micritic_limestone/Micritic_limestone.486.jpg
176,Micritic_limestone.50,XPL,train,class13_micritic_limestone,/content/PetroVision-Multimodal/data/raw/XPL/train/class13_micritic_limestone/Micritic_limestone.50.jpg
177,Micritic_limestone.670,XPL,train,class13_micritic_limestone,/content/PetroVision-Multimodal/data/raw/XPL/train/class13_micritic_limestone/Micritic_limestone.670.jpg
178,Micritic_limestone.894,XPL,train,class13_micritic_limestone,/content/PetroVision-Multimodal/data/raw/XPL/train/class13_micritic_limestone/Micritic_limestone.894.jpg
179,Micritic_limestone.903,XPL,train,class13_micritic_limestone,/content/PetroVision-Multimodal/data/raw/XPL/train/class13_micritic_limestone/Micritic_limestone.903.jpg
180,Oolitic.101,XPL,train,class17_oolite,/content/PetroVision-Multimodal/data/raw/XPL/train/class17_oolite/Oolitic.101.jpg
181,Oolitic.120,XPL,train,class17_oolite,/content/PetroVision-Multimodal/data/raw/XPL/train/class17_oolite/Oolitic.120.jpg
182,Oolitic.125,XPL,train,class17_oolite,/content/PetroVision-Multimodal/data/raw/XPL/train/class17_oolite/Oolitic.125.jpg
183,Oolitic.131,XPL,train,class17_oolite,/content/PetroVision-Multimodal/data/raw/XPL/train/class17_oolite/Oolitic.131.jpg
184,Oolitic.138,XPL,train,class17_oolite,/content/PetroVision-Multimodal/data/raw/XPL/train/class17_oolite/Oolitic.138.jpg
185,Oolitic.141,XPL,train,class17_oolite,/content/PetroVision-Multimodal/data/raw/XPL/train/class17_oolite/Oolitic.141.jpg
186,Oolitic.145,XPL,train,class17_oolite,/content/PetroVision-Multimodal/data/raw/XPL/train/class17_oolite/Oolitic.145.jpg
187,Oolitic.148,XPL,train,class17_oolite,/content/PetroVision-Multimodal/data/raw/XPL/train/class17_oolite/Oolitic.148.jpg
188,Oolitic.16,XPL,train,class17_oolite,/content/PetroVision-Multimodal/data/raw/XPL/train/class17_oolite/Oolitic.16.jpg
189,Oolitic.19,XPL,train,class17_oolite,/content/PetroVision-Multimodal/data/raw/XPL/train/class17_oolite/Oolitic.19.jpg
190,Oolitic.22,XPL,train,class17_oolite,/content/PetroVision-Multimodal/data/raw/XPL/train/class17_oolite/Oolitic.22.jpg
191,Oolitic.26,XPL,train,class17_oolite,/content/PetroVision-Multimodal/data/raw/XPL/train/class17_oolite/Oolitic.26.jpg
192,Oolitic.28,XPL,train,class17_oolite,/content/PetroVision-Multimodal/data/raw/XPL/train/class17_oolite/Oolitic.28.jpg
193,Oolitic.30,XPL,train,class17_oolite,/content/PetroVision-Multimodal/data/raw/XPL/train/class17_oolite/Oolitic.30.jpg
194,Oolitic.32,XPL,train,class17_oolite,/content/PetroVision-Multimodal/data/raw/XPL/train/class17_oolite/Oolitic.32.jpg
195,Oolitic.35,XPL,train,class17_oolite,/content/PetroVision-Multimodal/data/raw/XPL/train/class17_oolite/Oolitic.35.jpg
196,Oolitic.57,XPL,train,class17_oolite,/content/PetroVision-Multimodal/data/raw/XPL/train/class17_oolite/Oolitic.57.jpg
197,Oolitic.6,XPL,train,class17_oolite,/content/PetroVision-Multimodal/data/raw/XPL/train/class17_oolite/Oolitic.6.jpg
198,Oolitic.62,XPL,train,class17_oolite,/content/PetroVision-Multimodal/data/raw/XPL/train/class17_oolite/Oolitic.62.jpg
199,Oolitic.67,XPL,train,class17_oolite,/content/PetroVision-Multimodal/data/raw/XPL/train/class17_oolite/Oolitic.67.jpg
200,Oolitic.69,XPL,train,class17_oolite,/content/PetroVision-Multimodal/data/raw/XPL/train/class17_oolite/Oolitic.69.jpg
201,Oolitic.71,XPL,train,class17_oolite,/content/PetroVision-Multimodal/data/raw/XPL/train/class17_oolite/Oolitic.71.jpg
202,Oolitic.77,XPL,train,class17_oolite,/content/PetroVision-Multimodal/data/raw/XPL/train/class17_oolite/Oolitic.77.jpg
203,Oolitic.80,XPL,train,class17_oolite,/content/PetroVision-Multimodal/data/raw/XPL/train/class17_oolite/Oolitic.80.jpg
204,Oolitic.82,XPL,train,class17_oolite,/content/PetroVision-Multimodal/data/raw/XPL/train/class17_oolite/Oolitic.82.jpg
205,Oolitic.84,XPL,train,class17_oolite,/content/PetroVision-Multimodal/data/raw/XPL/train/class17_oolite/Oolitic.84.jpg
206,Oolitic.89,XPL,train,class17_oolite,/content/PetroVision-Multimodal/data/raw/XPL/train/class17_oolite/Oolitic.89.jpg
207,Oolitic.91,XPL,train,class17_oolite,/content/PetroVision-Multimodal/data/raw/XPL/train/class17_oolite/Oolitic.91.jpg
208,Oolitic.94,XPL,train,class17_oolite,/content/PetroVision-Multimodal/data/raw/XPL/train/class17_oolite/Oolitic.94.jpg
209,Oolitic.98,XPL,train,class17_oolite,/content/PetroVision-Multimodal/data/raw/XPL/train/class17_oolite/Oolitic.98.jpg
210,Vug.1471,XPL,train,class22_pore,/content/PetroVision-Multimodal/data/raw/XPL/train/class22_pore/Vug.1471.jpg
211,Vug.1584,XPL,train,class22_pore,/content/PetroVision-Multimodal/data/raw/XPL/train/class22_pore/Vug.1584.jpg
212,Vug.168,XPL,train,class22_pore,/content/PetroVision-Multimodal/data/raw/XPL/train/class22_pore/Vug.168.jpg
213,Vug.1884,XPL,train,class22_pore,/content/PetroVision-Multimodal/data/raw/XPL/train/class22_pore/Vug.1884.jpg
214,Vug.2037,XPL,train,class22_pore,/content/PetroVision-Multimodal/data/raw/XPL/train/class22_pore/Vug.2037.jpg
215,Vug.2120,XPL,train,class22_pore,/content/PetroVision-Multimodal/data/raw/XPL/train/class22_pore/Vug.2120.jpg
216,Vug.2238,XPL,train,class22_pore,/content/PetroVision-Multimodal/data/raw/XPL/train/class22_pore/Vug.2238.jpg
217,Vug.287,XPL,train,class22_pore,/content/PetroVision-Multimodal/data/raw/XPL/train/class22_pore/Vug.287.jpg
218,Vug.2949,XPL,train,class22_pore,/content/PetroVision-Multimodal/data/raw/XPL/train/class22_pore/Vug.2949.jpg
219,Vug.3079,XPL,train,class22_pore,/content/PetroVision-Multimodal/data/raw/XPL/train/class22_pore/Vug.3079.jpg
220,Vug.3103,XPL,train,class22_pore,/content/PetroVision-Multimodal/data/raw/XPL/train/class22_pore/Vug.3103.jpg
221,Vug.3258,XPL,train,class22_pore,/content/PetroVision-Multimodal/data/raw/XPL/train/class22_pore/Vug.3258.jpg
222,Vug.3278,XPL,train,class22_pore,/content/PetroVision-Multimodal/data/raw/XPL/train/class22_pore/Vug.3278.jpg
223,Vug.3333,XPL,train,class22_pore,/content/PetroVision-Multimodal/data/raw/XPL/train/class22_pore/Vug.3333.jpg
224,Vug.4003,XPL,train,class22_pore,/content/PetroVision-Multimodal/data/raw/XPL/train/class22_pore/Vug.4003.jpg
225,Vug.4350,XPL,train,class22_pore,/content/PetroVision-Multimodal/data/raw/XPL/train/class22_pore/Vug.4350.jpg
226,Vug.4712,XPL,train,class22_pore,/content/PetroVision-Multimodal/data/raw/XPL/train/class22_pore/Vug.4712.jpg
227,Vug.4734,XPL,train,class22_pore,/content/PetroVision-Multimodal/data/raw/XPL/train/class22_pore/Vug.4734.jpg
228,Vug.4797,XPL,train,class22_pore,/content/PetroVision-Multimodal/data/raw/XPL/train/class22_pore/Vug.4797.jpg
229,Vug.5124,XPL,train,class22_pore,/content/PetroVision-Multimodal/data/raw/XPL/train/class22_pore/Vug.5124.jpg
230,Vug.5157,XPL,train,class22_pore,/content/PetroVision-Multimodal/data/raw/XPL/train/class22_pore/Vug.5157.jpg
231,Vug.530,XPL,train,class22_pore,/content/PetroVision-Multimodal/data/raw/XPL/train/class22_pore/Vug.530.jpg
232,Vug.5318,XPL,train,class22_pore,/content/PetroVision-Multimodal/data/raw/XPL/train/class22_pore/Vug.5318.jpg
233,Vug.5417,XPL,train,class22_pore,/content/PetroVision-Multimodal/data/raw/XPL/train/class22_pore/Vug.5417.jpg
234,Vug.5591,XPL,train,class22_pore,/content/PetroVision-Multimodal/data/raw/XPL/train/class22_pore/Vug.5591.jpg
235,Vug.5601,XPL,train,class22_pore,/content/PetroVision-Multimodal/data/raw/XPL/train/class22_pore/Vug.5601.jpg
236,Vug.58,XPL,train,class22_pore,/content/PetroVision-Multimodal/data/raw/XPL/train/class22_pore/Vug.58.jpg
237,Vug.5813,XPL,train,class22_pore,/content/PetroVision-Multimodal/data/raw/XPL/train/class22_pore/Vug.5813.jpg
238,Vug.6370,XPL,train,class22_pore,/content/PetroVision-Multimodal/data/raw/XPL/train/class22_pore/Vug.6370.jpg
239,Vug.76,XPL,train,class22_pore,/content/PetroVision-Multimodal/data/raw/XPL/train/class22_pore/Vug.76.jpg
240,Fracture.11,PPL,val,class10_cemented_fracture,/content/PetroVision-Multimodal/data/raw/PPL/val/class10_cemented_fracture/Fracture.11.jpg
241,Fracture.149,PPL,val,class10_cemented_fracture,/content/PetroVision-Multimodal/data/raw/PPL/val/class10_cemented_fracture/Fracture.149.jpg
242,Fracture.215,PPL,val,class10_cemented_fracture,/content/PetroVision-Multimodal/data/raw/PPL/val/class10_cemented_fracture/Fracture.215.jpg
243,Fracture.277,PPL,val,class10_cemented_fracture,/content/PetroVision-Multimodal/data/raw/PPL/val/class10_cemented_fracture/Fracture.277.jpg
244,Fracture.297,PPL,val,class10_cemented_fracture,/content/PetroVision-Multimodal/data/raw/PPL/val/class10_cemented_fracture/Fracture.297.jpg
245,Fracture.311,PPL,val,class10_cemented_fracture,/content/PetroVision-Multimodal/data/raw/PPL/val/class10_cemented_fracture/Fracture.311.jpg
246,Fracture.331,PPL,val,class10_cemented_fracture,/content/PetroVision-Multimodal/data/raw/PPL/val/class10_cemented_fracture/Fracture.331.jpg
247,Micritic_limestone.114,PPL,val,class13_micritic_limestone,/content/PetroVision-Multimodal/data/raw/PPL/val/class13_micritic_limestone/Micritic_limestone.114.jpg
248,Micritic_limestone.124,PPL,val,class13_micritic_limestone,/content/PetroVision-Multimodal/data/raw/PPL/val/class13_micritic_limestone/Micritic_limestone.124.jpg
249,Micritic_limestone.157,PPL,val,class13_micritic_limestone,/content/PetroVision-Multimodal/data/raw/PPL/val/class13_micritic_limestone/Micritic_limestone.157.jpg
250,Micritic_limestone.161,PPL,val,class13_micritic_limestone,/content/PetroVision-Multimodal/data/raw/PPL/val/class13_micritic_limestone/Micritic_limestone.161.jpg
251,Micritic_limestone.550,PPL,val,class13_micritic_limestone,/content/PetroVision-Multimodal/data/raw/PPL/val/class13_micritic_limestone/Micritic_limestone.550.jpg
252,Micritic_limestone.68,PPL,val,class13_micritic_limestone,/content/PetroVision-Multimodal/data/raw/PPL/val/class13_micritic_limestone/Micritic_limestone.68.jpg
253,Micritic_limestone.715,PPL,val,class13_micritic_limestone,/content/PetroVision-Multimodal/data/raw/PPL/val/class13_micritic_limestone/Micritic_limestone.715.jpg
254,Oolitic.1,PPL,val,class17_oolite,/content/PetroVision-Multimodal/data/raw/PPL/val/class17_oolite/Oolitic.1.jpg
255,Oolitic.12,PPL,val,class17_oolite,/content/PetroVision-Multimodal/data/raw/PPL/val/class17_oolite/Oolitic.12.jpg
256,Oolitic.14,PPL,val,class17_oolite,/content/PetroVision-Multimodal/data/raw/PPL/val/class17_oolite/Oolitic.14.jpg
257,Oolitic.30,PPL,val,class17_oolite,/content/PetroVision-Multimodal/data/raw/PPL/val/class17_oolite/Oolitic.30.jpg
258,Oolitic.34,PPL,val,class17_oolite,/content/PetroVision-Multimodal/data/raw/PPL/val/class17_oolite/Oolitic.34.jpg
259,Oolitic.36,PPL,val,class17_oolite,/content/PetroVision-Multimodal/data/raw/PPL/val/class17_oolite/Oolitic.36.jpg
260,Oolitic.4,PPL,val,class17_oolite,/content/PetroVision-Multimodal/data/raw/PPL/val/class17_oolite/Oolitic.4.jpg
261,Vug.1256,PPL,val,class22_pore,/content/PetroVision-Multimodal/data/raw/PPL/val/class22_pore/Vug.1256.jpg
262,Vug.1340,PPL,val,class22_pore,/content/PetroVision-Multimodal/data/raw/PPL/val/class22_pore/Vug.1340.jpg
263,Vug.336,PPL,val,class22_pore,/content/PetroVision-Multimodal/data/raw/PPL/val/class22_pore/Vug.336.jpg
264,Vug.514,PPL,val,class22_pore,/content/PetroVision-Multimodal/data/raw/PPL/val/class22_pore/Vug.514.jpg
265,Vug.57,PPL,val,class22_pore,/content/PetroVision-Multimodal/data/raw/PPL/val/class22_pore/Vug.57.jpg
266,Vug.718,PPL,val,class22_pore,/content/PetroVision-Multimodal/data/raw/PPL/val/class22_pore/Vug.718.jpg
267,Vug.774,PPL,val,class22_pore,/content/PetroVision-Multimodal/data/raw/PPL/val/class22_pore/Vug.774.jpg
268,Fracture.21,XPL,val,class10_cemented_fracture,/content/PetroVision-Multimodal/data/raw/XPL/val/class10_cemented_fracture/Fracture.21.jpg
269,Fracture.268,XPL,val,class10_cemented_fracture,/content/PetroVision-Multimodal/data/raw/XPL/val/class10_cemented_fracture/Fracture.268.jpg
270,Fracture.280,XPL,val,class10_cemented_fracture,/content/PetroVision-Multimodal/data/raw/XPL/val/class10_cemented_fracture/Fracture.280.jpg
271,Fracture.29,XPL,val,class10_cemented_fracture,/content/PetroVision-Multimodal/data/raw/XPL/val/class10_cemented_fracture/Fracture.29.jpg
272,Fracture.37,XPL,val,class10_cemented_fracture,/content/PetroVision-Multimodal/data/raw/XPL/val/class10_cemented_fracture/Fracture.37.jpg
273,Fracture.67,XPL,val,class10_cemented_fracture,/content/PetroVision-Multimodal/data/raw/XPL/val/class10_cemented_fracture/Fracture.67.jpg
274,Fracture.87,XPL,val,class10_cemented_fracture,/content/PetroVision-Multimodal/data/raw/XPL/val/class10_cemented_fracture/Fracture.87.jpg
275,Micritic_limestone.155,XPL,val,class13_micritic_limestone,/content/PetroVision-Multimodal/data/raw/XPL/val/class13_micritic_limestone/Micritic_limestone.155.jpg
276,Micritic_limestone.172,XPL,val,class13_micritic_limestone,/content/PetroVision-Multimodal/data/raw/XPL/val/class13_micritic_limestone/Micritic_limestone.172.jpg
277,Micritic_limestone.278,XPL,val,class13_micritic_limestone,/content/PetroVision-Multimodal/data/raw/XPL/val/class13_micritic_limestone/Micritic_limestone.278.JPG
278,Micritic_limestone.5,XPL,val,class13_micritic_limestone,/content/PetroVision-Multimodal/data/raw/XPL/val/class13_micritic_limestone/Micritic_limestone.5.jpg
279,Micritic_limestone.689,XPL,val,class13_micritic_limestone,/content/PetroVision-Multimodal/data/raw/XPL/val/class13_micritic_limestone/Micritic_limestone.689.jpg
280,Micritic_limestone.696,XPL,val,class13_micritic_limestone,/content/PetroVision-Multimodal/data/raw/XPL/val/class13_micritic_limestone/Micritic_limestone.696.jpg
281,Micritic_limestone.792,XPL,val,class13_micritic_limestone,/content/PetroVision-Multimodal/data/raw/XPL/val/class13_micritic_limestone/Micritic_limestone.792.jpg
282,Oolitic.18,XPL,val,class17_oolite,/content/PetroVision-Multimodal/data/raw/XPL/val/class17_oolite/Oolitic.18.jpg
283,Oolitic.2,XPL,val,class17_oolite,/content/PetroVision-Multimodal/data/raw/XPL/val/class17_oolite/Oolitic.2.jpg
284,Oolitic.21,XPL,val,class17_oolite,/content/PetroVision-Multimodal/data/raw/XPL/val/class17_oolite/Oolitic.21.jpg
285,Oolitic.27,XPL,val,class17_oolite,/content/PetroVision-Multimodal/data/raw/XPL/val/class17_oolite/Oolitic.27.jpg
286,Oolitic.38,XPL,val,class17_oolite,/content/PetroVision-Multimodal/data/raw/XPL/val/class17_oolite/Oolitic.38.jpg
287,Oolitic.40,XPL,val,class17_oolite,/content/PetroVision-Multimodal/data/raw/XPL/val/class17_oolite/Oolitic.40.jpg
288,Oolitic.7,XPL,val,class17_oolite,/content/PetroVision-Multimodal/data/raw/XPL/val/class17_oolite/Oolitic.7.jpg
289,Vug.1159,XPL,val,class22_pore,/content/PetroVision-Multimodal/data/raw/XPL/val/class22_pore/Vug.1159.jpg
290,Vug.1659,XPL,val,class22_pore,/content/PetroVision-Multimodal/data/raw/XPL/val/class22_pore/Vug.1659.jpg
291,Vug.1686,XPL,val,class22_pore,/content/PetroVision-Multimodal/data/raw/XPL/val/class22_pore/Vug.1686.jpg
292,Vug.1693,XPL,val,class22_pore,/content/PetroVision-Multimodal/data/raw/XPL/val/class22_pore/Vug.1693.jpg
293,Vug.1731,XPL,val,class22_pore,/content/PetroVision-Multimodal/data/raw/XPL/val/class22_pore/Vug.1731.jpg
294,Vug.1753,XPL,val,class22_pore,/content/PetroVision-Multimodal/data/raw/XPL/val/class22_pore/Vug.1753.jpg
295,Vug.412,XPL,val,class22_pore,/content/PetroVision-Multimodal/data/raw/XPL/val/class22_pore/Vug.412.jpg
296,Fracture.107,PPL,test,class10_cemented_fracture,/content/PetroVision-Multimodal/data/raw/PPL/test/class10_cemented_fracture/Fracture.107.jpg
297,Fracture.123,PPL,test,class10_cemented_fracture,/content/PetroVision-Multimodal/data/raw/PPL/test/class10_cemented_fracture/Fracture.123.jpg
298,Fracture.129,PPL,test,class10_cemented_fracture,/content/PetroVision-Multimodal/data/raw/PPL/test/class10_cemented_fracture/Fracture.129.jpg
299,Fracture.13,PPL,test,class10_cemented_fracture,/content/PetroVision-Multimodal/data/raw/PPL/test/class10_cemented_fracture/Fracture.13.jpg
300,Fracture.6,PPL,test,class10_cemented_fracture,/content/PetroVision-Multimodal/data/raw/PPL/test/class10_cemented_fracture/Fracture.6.jpg
301,Micritic_limestone.142,PPL,test,class13_micritic_limestone,/content/PetroVision-Multimodal/data/raw/PPL/test/class13_micritic_limestone/Micritic_limestone.142.jpg
302,Micritic_limestone.249,PPL,test,class13_micritic_limestone,/content/PetroVision-Multimodal/data/raw/PPL/test/class13_micritic_limestone/Micritic_limestone.249.jpg
303,Micritic_limestone.267,PPL,test,class13_micritic_limestone,/content/PetroVision-Multimodal/data/raw/PPL/test/class13_micritic_limestone/Micritic_limestone.267.jpg
304,Micritic_limestone.334,PPL,test,class13_micritic_limestone,/content/PetroVision-Multimodal/data/raw/PPL/test/class13_micritic_limestone/Micritic_limestone.334.jpg
305,Micritic_limestone.350,PPL,test,class13_micritic_limestone,/content/PetroVision-Multimodal/data/raw/PPL/test/class13_micritic_limestone/Micritic_limestone.350.jpg
306,12,PPL,test,class17_oolite,/content/PetroVision-Multimodal/data/raw/PPL/test/class17_oolite/12.jpg
307,13,PPL,test,class17_oolite,/content/PetroVision-Multimodal/data/raw/PPL/test/class17_oolite/13.jpg
308,16,PPL,test,class17_oolite,/content/PetroVision-Multimodal/data/raw/PPL/test/class17_oolite/16.jpg
309,20,PPL,test,class17_oolite,/content/PetroVision-Multimodal/data/raw/PPL/test/class17_oolite/20.jpg
310,7,PPL,test,class17_oolite,/content/PetroVision-Multimodal/data/raw/PPL/test/class17_oolite/7.jpg
311,Vug.114,PPL,test,class22_pore,/content/PetroVision-Multimodal/data/raw/PPL/test/class22_pore/Vug.114.jpg
312,Vug.527,PPL,test,class22_pore,/content/PetroVision-Multimodal/data/raw/PPL/test/class22_pore/Vug.527.jpg
313,Vug.560,PPL,test,class22_pore,/content/PetroVision-Multimodal/data/raw/PPL/test/class22_pore/Vug.560.jpg
314,Vug.598,PPL,test,class22_pore,/content/PetroVision-Multimodal/data/raw/PPL/test/class22_pore/Vug.598.jpg
315,Vug.824,PPL,test,class22_pore,/content/PetroVision-Multimodal/data/raw/PPL/test/class22_pore/Vug.824.jpg
316,Fracture.14,XPL,test,class10_cemented_fracture,/content/PetroVision-Multimodal/data/raw/XPL/test/class10_cemented_fracture/Fracture.14.jpg
317,Fracture.142,XPL,test,class10_cemented_fracture,/content/PetroVision-Multimodal/data/raw/XPL/test/class10_cemented_fracture/Fracture.142.jpg
318,Fracture.25,XPL,test,class10_cemented_fracture,/content/PetroVision-Multimodal/data/raw/XPL/test/class10_cemented_fracture/Fracture.25.jpg
319,Fracture.26,XPL,test,class10_cemented_fracture,/content/PetroVision-Multimodal/data/raw/XPL/test/class10_cemented_fracture/Fracture.26.jpg
320,Fracture.62,XPL,test,class10_cemented_fracture,/content/PetroVision-Multimodal/data/raw/XPL/test/class10_cemented_fracture/Fracture.62.jpg
321,Micritic_limestone.10,XPL,test,class13_micritic_limestone,/content/PetroVision-Multimodal/data/raw/XPL/test/class13_micritic_limestone/Micritic_limestone.10.jpg
322,Micritic_limestone.321,XPL,test,class13_micritic_limestone,/content/PetroVision-Multimodal/data/raw/XPL/test/class13_micritic_limestone/Micritic_limestone.321.jpg
323,Micritic_limestone.390,XPL,test,class13_micritic_limestone,/content/PetroVision-Multimodal/data/raw/XPL/test/class13_micritic_limestone/Micritic_limestone.390.jpg
324,Micritic_limestone.407,XPL,test,class13_micritic_limestone,/content/PetroVision-Multimodal/data/raw/XPL/test/class13_micritic_limestone/Micritic_limestone.407.jpg
325,Micritic_limestone.412,XPL,test,class13_micritic_limestone,/content/PetroVision-Multimodal/data/raw/XPL/test/class13_micritic_limestone/Micritic_limestone.412.jpg
326,10,XPL,test,class17_oolite,/content/PetroVision-Multimodal/data/raw/XPL/test/class17_oolite/10.jpg
327,14,XPL,test,class17_oolite,/content/PetroVision-Multimodal/data/raw/XPL/test/class17_oolite/14.jpg
328,17,XPL,test,class17_oolite,/content/PetroVision-Multimodal/data/raw/XPL/test/class17_oolite/17.jpg
329,19,XPL,test,class17_oolite,/content/PetroVision-Multimodal/data/raw/XPL/test/class17_oolite/19.jpg
330,8,XPL,test,class17_oolite,/content/PetroVision-Multimodal/data/raw/XPL/test/class17_oolite/8.jpg
331,Vug.250,XPL,test,class22_pore,/content/PetroVision-Multimodal/data/raw/XPL/test/class22_pore/Vug.250.jpg
332,Vug.38,XPL,test,class22_pore,/content/PetroVision-Multimodal/data/raw/XPL/test/class22_pore/Vug.38.jpg
333,Vug.711,XPL,test,class22_pore,/content/PetroVision-Multimodal/data/raw/XPL/test/class22_pore/Vug.711.jpg
334,Vug.811,XPL,test,class22_pore,/content/PetroVision-Multimodal/data/raw/XPL/test/class22_pore/Vug.811.jpg
335,Vug.914,XPL,test,class22_pore,/content/PetroVision-Multimodal/data/raw/XPL/test/class22_pore/Vug.914.jpg
