embedding_row,sample_id,mode,split,class_name,path,pca_1,pca_2,kmeans_cluster
0,Fracture.1002,PPL,train,class10_cemented_fracture,/content/PetroVision-Multimodal/data/raw/PPL/train/class10_cemented_fracture/Fracture.1002.jpg,0.20879282,-0.50762695,3
1,Fracture.1047,PPL,train,class10_cemented_fracture,/content/PetroVision-Multimodal/data/raw/PPL/train/class10_cemented_fracture/Fracture.1047.jpg,0.25726727,0.016933594,0
2,Fracture.1072,PPL,train,class10_cemented_fracture,/content/PetroVision-Multimodal/data/raw/PPL/train/class10_cemented_fracture/Fracture.1072.jpg,0.30389923,0.18958014,0
3,Fracture.1116,PPL,train,class10_cemented_fracture,/content/PetroVision-Multimodal/data/raw/PPL/train/class10_cemented_fracture/Fracture.1116.jpg,0.0701921,-0.3196861,3
4,Fracture.118,PPL,train,class10_cemented_fracture,/content/PetroVision-Multimodal/data/raw/PPL/train/class10_cemented_fracture/Fracture.118.jpg,0.14126587,0.0031831823,0
5,Fracture.370,PPL,train,class10_cemented_fracture,/content/PetroVision-Multimodal/data/raw/PPL/train/class10_cemented_fracture/Fracture.370.jpg,0.17041545,0.22394763,0
6,Fracture.383,PPL,train,class10_cemented_fracture,/content/PetroVision-Multimodal/data/raw/PPL/train/class10_cemented_fracture/Fracture.383.jpg,0.2999481,-0.29307252,3
7,Fracture.399,PPL,train,class10_cemented_fracture,/content/PetroVision-Multimodal/data/raw/PPL/train/class10_cemented_fracture/Fracture.399.jpg,0.33765224,-0.058193535,0
8,Fracture.402,PPL,train,class10_cemented_fracture,/content/PetroVision-Multimodal/data/raw/PPL/train/class10_cemented_fracture/Fracture.402.jpg,0.3830831,0.08115075,0
9,Fracture.442,PPL,train,class10_cemented_fracture,/content/PetroVision-Multimodal/data/raw/PPL/train/class10_cemented_fracture/Fracture.442.jpg,0.29342243,-0.045190834,0
10,Fracture.465,PPL,train,class10_cemented_fracture,/content/PetroVision-Multimodal/data/raw/PPL/train/class10_cemented_fracture/Fracture.465.jpg,0.27484435,0.13907105,0
11,Fracture.531,PPL,train,class10_cemented_fracture,/content/PetroVision-Multimodal/data/raw/PPL/train/class10_cemented_fracture/Fracture.531.jpg,0.09238751,0.07972105,2
12,Fracture.595,PPL,train,class10_cemented_fracture,/content/PetroVision-Multimodal/data/raw/PPL/train/class10_cemented_fracture/Fracture.595.jpg,0.013446221,-0.16401023,2
13,Fracture.597,PPL,train,class10_cemented_fracture,/content/PetroVision-Multimodal/data/raw/PPL/train/class10_cemented_fracture/Fracture.597.jpg,0.22872831,-0.17711356,3
14,Fracture.601,PPL,train,class10_cemented_fracture,/content/PetroVision-Multimodal/data/raw/PPL/train/class10_cemented_fracture/Fracture.601.jpg,0.2019769,-0.3397106,3
15,Fracture.608,PPL,train,class10_cemented_fracture,/content/PetroVision-Multimodal/data/raw/PPL/train/class10_cemented_fracture/Fracture.608.jpg,0.3888335,-0.009245381,0
16,Fracture.622,PPL,train,class10_cemented_fracture,/content/PetroVision-Multimodal/data/raw/PPL/train/class10_cemented_fracture/Fracture.622.jpg,0.0806699,-0.17169629,3
17,Fracture.638,PPL,train,class10_cemented_fracture,/content/PetroVision-Multimodal/data/raw/PPL/train/class10_cemented_fracture/Fracture.638.jpg,0.32572016,-0.35863304,3
18,Fracture.642,PPL,train,class10_cemented_fracture,/content/PetroVision-Multimodal/data/raw/PPL/train/class10_cemented_fracture/Fracture.642.jpg,0.15353258,-0.10136033,2
19,Fracture.643,PPL,train,class10_cemented_fracture,/content/PetroVision-Multimodal/data/raw/PPL/train/class10_cemented_fracture/Fracture.643.jpg,0.39026168,-0.04475127,0
20,Fracture.650,PPL,train,class10_cemented_fracture,/content/PetroVision-Multimodal/data/raw/PPL/train/class10_cemented_fracture/Fracture.650.jpg,0.21371166,-0.17138231,3
21,Fracture.653,PPL,train,class10_cemented_fracture,/content/PetroVision-Multimodal/data/raw/PPL/train/class10_cemented_fracture/Fracture.653.jpg,-0.0553791,-0.33199573,2
22,Fracture.741,PPL,train,class10_cemented_fracture,/content/PetroVision-Multimodal/data/raw/PPL/train/class10_cemented_fracture/Fracture.741.jpg,0.024910351,0.05786653,2
23,Fracture.765,PPL,train,class10_cemented_fracture,/content/PetroVision-Multimodal/data/raw/PPL/train/class10_cemented_fracture/Fracture.765.jpg,0.067189395,-0.06507077,0
24,Fracture.793,PPL,train,class10_cemented_fracture,/content/PetroVision-Multimodal/data/raw/PPL/train/class10_cemented_fracture/Fracture.793.jpg,0.3606558,0.053140916,0
25,Fracture.796,PPL,train,class10_cemented_fracture,/content/PetroVision-Multimodal/data/raw/PPL/train/class10_cemented_fracture/Fracture.796.jpg,0.3523008,-0.2726638,3
26,Fracture.805,PPL,train,class10_cemented_fracture,/content/PetroVision-Multimodal/data/raw/PPL/train/class10_cemented_fracture/Fracture.805.jpg,0.3091844,-0.18665135,3
27,Fracture.850,PPL,train,class10_cemented_fracture,/content/PetroVision-Multimodal/data/raw/PPL/train/class10_cemented_fracture/Fracture.850.jpg,0.011844946,-0.118655704,2
28,Fracture.876,PPL,train,class10_cemented_fracture,/content/PetroVision-Multimodal/data/raw/PPL/train/class10_cemented_fracture/Fracture.876.jpg,0.4854022,0.08316476,0
29,Fracture.9,PPL,train,class10_cemented_fracture,/content/PetroVision-Multimodal/data/raw/PPL/train/class10_cemented_fracture/Fracture.9.jpg,0.20907535,-0.16600168,3
30,Micritic_limestone.1022,PPL,train,class13_micritic_limestone,/content/PetroVision-Multimodal/data/raw/PPL/train/class13_micritic_limestone/Micritic_limestone.1022.jpg,-0.07676025,-0.06368097,2
31,Micritic_limestone.1189,PPL,train,class13_micritic_limestone,/content/PetroVision-Multimodal/data/raw/PPL/train/class13_micritic_limestone/Micritic_limestone.1189.jpg,-0.2530635,0.003794537,1
32,Micritic_limestone.1267,PPL,train,class13_micritic_limestone,/content/PetroVision-Multimodal/data/raw/PPL/train/class13_micritic_limestone/Micritic_limestone.1267.jpg,0.17557366,0.21045294,0
33,Micritic_limestone.1278,PPL,train,class13_micritic_limestone,/content/PetroVision-Multimodal/data/raw/PPL/train/class13_micritic_limestone/Micritic_limestone.1278.jpg,-0.07380659,0.0065594,2
34,Micritic_limestone.1403,PPL,train,class13_micritic_limestone,/content/PetroVision-Multimodal/data/raw/PPL/train/class13_micritic_limestone/Micritic_limestone.1403.jpg,-0.010908121,-0.13479966,2
35,Micritic_limestone.1410,PPL,train,class13_micritic_limestone,/content/PetroVision-Multimodal/data/raw/PPL/train/class13_micritic_limestone/Micritic_limestone.1410.jpg,0.026361866,0.08011673,2
36,Micritic_limestone.153,PPL,train,class13_micritic_limestone,/content/PetroVision-Multimodal/data/raw/PPL/train/class13_micritic_limestone/Micritic_limestone.153.jpg,0.13935007,0.039746,0
37,Micritic_limestone.1548,PPL,train,class13_micritic_limestone,/content/PetroVision-Multimodal/data/raw/PPL/train/class13_micritic_limestone/Micritic_limestone.1548.jpg,0.004673058,-0.042518534,2
38,Micritic_limestone.1737,PPL,train,class13_micritic_limestone,/content/PetroVision-Multimodal/data/raw/PPL/train/class13_micritic_limestone/Micritic_limestone.1737.jpg,-0.061040476,0.04542969,2
39,Micritic_limestone.174,PPL,train,class13_micritic_limestone,/content/PetroVision-Multimodal/data/raw/PPL/train/class13_micritic_limestone/Micritic_limestone.174.jpg,0.19188182,-0.03709565,0
40,Micritic_limestone.1823,PPL,train,class13_micritic_limestone,/content/PetroVision-Multimodal/data/raw/PPL/train/class13_micritic_limestone/Micritic_limestone.1823.jpg,-0.17989255,-0.3659263,2
41,Micritic_limestone.20,PPL,train,class13_micritic_limestone,/content/PetroVision-Multimodal/data/raw/PPL/train/class13_micritic_limestone/Micritic_limestone.20.jpg,0.041688643,0.06145762,2
42,Micritic_limestone.2118,PPL,train,class13_micritic_limestone,/content/PetroVision-Multimodal/data/raw/PPL/train/class13_micritic_limestone/Micritic_limestone.2118.jpg,0.10145241,-0.21634,2
43,Micritic_limestone.2209,PPL,train,class13_micritic_limestone,/content/PetroVision-Multimodal/data/raw/PPL/train/class13_micritic_limestone/Micritic_limestone.2209.jpg,0.35029826,0.13049169,0
44,Micritic_limestone.2460,PPL,train,class13_micritic_limestone,/content/PetroVision-Multimodal/data/raw/PPL/train/class13_micritic_limestone/Micritic_limestone.2460.jpg,0.14521886,0.0044927616,0
45,Micritic_limestone.2485,PPL,train,class13_micritic_limestone,/content/PetroVision-Multimodal/data/raw/PPL/train/class13_micritic_limestone/Micritic_limestone.2485.jpg,0.14097233,-0.16840988,0
46,Micritic_limestone.2486,PPL,train,class13_micritic_limestone,/content/PetroVision-Multimodal/data/raw/PPL/train/class13_micritic_limestone/Micritic_limestone.2486.jpg,0.14574575,0.11355596,2
47,Micritic_limestone.2564,PPL,train,class13_micritic_limestone,/content/PetroVision-Multimodal/data/raw/PPL/train/class13_micritic_limestone/Micritic_limestone.2564.jpg,0.022905795,0.16971952,0
48,Micritic_limestone.2586,PPL,train,class13_micritic_limestone,/content/PetroVision-Multimodal/data/raw/PPL/train/class13_micritic_limestone/Micritic_limestone.2586.jpg,0.26858065,0.26057,0
49,Micritic_limestone.2648,PPL,train,class13_micritic_limestone,/content/PetroVision-Multimodal/data/raw/PPL/train/class13_micritic_limestone/Micritic_limestone.2648.jpg,0.13951229,-0.12370805,2
50,Micritic_limestone.2669,PPL,train,class13_micritic_limestone,/content/PetroVision-Multimodal/data/raw/PPL/train/class13_micritic_limestone/Micritic_limestone.2669.jpg,0.16533746,-0.26196,3
51,Micritic_limestone.2697,PPL,train,class13_micritic_limestone,/content/PetroVision-Multimodal/data/raw/PPL/train/class13_micritic_limestone/Micritic_limestone.2697.jpg,0.11377211,-0.25391507,2
52,Micritic_limestone.2836,PPL,train,class13_micritic_limestone,/content/PetroVision-Multimodal/data/raw/PPL/train/class13_micritic_limestone/Micritic_limestone.2836.jpg,0.08170444,-0.17832658,3
53,Micritic_limestone.2884,PPL,train,class13_micritic_limestone,/content/PetroVision-Multimodal/data/raw/PPL/train/class13_micritic_limestone/Micritic_limestone.2884.jpg,0.07797764,0.117387556,0
54,Micritic_limestone.2959,PPL,train,class13_micritic_limestone,/content/PetroVision-Multimodal/data/raw/PPL/train/class13_micritic_limestone/Micritic_limestone.2959.jpg,-0.22310834,0.24248841,1
55,Micritic_limestone.34,PPL,train,class13_micritic_limestone,/content/PetroVision-Multimodal/data/raw/PPL/train/class13_micritic_limestone/Micritic_limestone.34.jpg,0.1832683,0.17080802,0
56,Micritic_limestone.379,PPL,train,class13_micritic_limestone,/content/PetroVision-Multimodal/data/raw/PPL/train/class13_micritic_limestone/Micritic_limestone.379.jpg,-0.32674032,-0.02398636,2
57,Micritic_limestone.403,PPL,train,class13_micritic_limestone,/content/PetroVision-Multimodal/data/raw/PPL/train/class13_micritic_limestone/Micritic_limestone.403.jpg,-0.10886628,0.083176024,2
58,Micritic_limestone.758,PPL,train,class13_micritic_limestone,/content/PetroVision-Multimodal/data/raw/PPL/train/class13_micritic_limestone/Micritic_limestone.758.jpg,-0.059329204,-0.24056351,2
59,Micritic_limestone.759,PPL,train,class13_micritic_limestone,/content/PetroVision-Multimodal/data/raw/PPL/train/class13_micritic_limestone/Micritic_limestone.759.jpg,0.028164627,-0.2828119,2
60,Oolitic.100,PPL,train,class17_oolite,/content/PetroVision-Multimodal/data/raw/PPL/train/class17_oolite/Oolitic.100.jpg,-0.21587826,0.33661968,1
61,Oolitic.102,PPL,train,class17_oolite,/content/PetroVision-Multimodal/data/raw/PPL/train/class17_oolite/Oolitic.102.jpg,-0.2938995,0.14829695,1
62,Oolitic.103,PPL,train,class17_oolite,/content/PetroVision-Multimodal/data/raw/PPL/train/class17_oolite/Oolitic.103.jpg,-0.043259554,0.17585489,2
63,Oolitic.11,PPL,train,class17_oolite,/content/PetroVision-Multimodal/data/raw/PPL/train/class17_oolite/Oolitic.11.jpg,0.05764678,-0.17252468,3
64,Oolitic.115,PPL,train,class17_oolite,/content/PetroVision-Multimodal/data/raw/PPL/train/class17_oolite/Oolitic.115.jpg,0.029044112,-0.27517384,3
65,Oolitic.116,PPL,train,class17_oolite,/content/PetroVision-Multimodal/data/raw/PPL/train/class17_oolite/Oolitic.116.jpg,-0.43833527,0.07403702,1
66,Oolitic.129,PPL,train,class17_oolite,/content/PetroVision-Multimodal/data/raw/PPL/train/class17_oolite/Oolitic.129.jpg,-0.20020631,-0.5371515,3
67,Oolitic.137,PPL,train,class17_oolite,/content/PetroVision-Multimodal/data/raw/PPL/train/class17_oolite/Oolitic.137.jpg,0.031419642,0.18656096,2
68,Oolitic.139,PPL,train,class17_oolite,/content/PetroVision-Multimodal/data/raw/PPL/train/class17_oolite/Oolitic.139.jpg,-0.04259961,0.15836795,2
69,Oolitic.142,PPL,train,class17_oolite,/content/PetroVision-Multimodal/data/raw/PPL/train/class17_oolite/Oolitic.142.jpg,-0.15322517,-0.18629304,2
70,Oolitic.147,PPL,train,class17_oolite,/content/PetroVision-Multimodal/data/raw/PPL/train/class17_oolite/Oolitic.147.jpg,-0.42638972,-0.07868737,1
71,Oolitic.15,PPL,train,class17_oolite,/content/PetroVision-Multimodal/data/raw/PPL/train/class17_oolite/Oolitic.15.jpg,-0.39470214,-0.10713858,1
72,Oolitic.17,PPL,train,class17_oolite,/content/PetroVision-Multimodal/data/raw/PPL/train/class17_oolite/Oolitic.17.jpg,-0.55678606,0.15855792,1
73,Oolitic.18,PPL,train,class17_oolite,/content/PetroVision-Multimodal/data/raw/PPL/train/class17_oolite/Oolitic.18.jpg,-0.27753088,0.20884497,1
74,Oolitic.20,PPL,train,class17_oolite,/content/PetroVision-Multimodal/data/raw/PPL/train/class17_oolite/Oolitic.20.jpg,-0.4570044,0.16379987,1
75,Oolitic.25,PPL,train,class17_oolite,/content/PetroVision-Multimodal/data/raw/PPL/train/class17_oolite/Oolitic.25.jpg,-0.6434053,-0.020045849,1
76,Oolitic.27,PPL,train,class17_oolite,/content/PetroVision-Multimodal/data/raw/PPL/train/class17_oolite/Oolitic.27.jpg,-0.62560284,0.116071336,1
77,Oolitic.3,PPL,train,class17_oolite,/content/PetroVision-Multimodal/data/raw/PPL/train/class17_oolite/Oolitic.3.jpg,-0.50312656,-0.100907,1
78,Oolitic.31,PPL,train,class17_oolite,/content/PetroVision-Multimodal/data/raw/PPL/train/class17_oolite/Oolitic.31.jpg,-0.07976158,-0.1992166,2
79,Oolitic.5,PPL,train,class17_oolite,/content/PetroVision-Multimodal/data/raw/PPL/train/class17_oolite/Oolitic.5.jpg,-0.1733811,0.03350561,1
80,Oolitic.61,PPL,train,class17_oolite,/content/PetroVision-Multimodal/data/raw/PPL/train/class17_oolite/Oolitic.61.jpg,-0.31722164,-0.10324793,1
81,Oolitic.63,PPL,train,class17_oolite,/content/PetroVision-Multimodal/data/raw/PPL/train/class17_oolite/Oolitic.63.jpg,0.046527,-0.17231715,2
82,Oolitic.65,PPL,train,class17_oolite,/content/PetroVision-Multimodal/data/raw/PPL/train/class17_oolite/Oolitic.65.jpg,-0.09995508,0.16363847,2
83,Oolitic.66,PPL,train,class17_oolite,/content/PetroVision-Multimodal/data/raw/PPL/train/class17_oolite/Oolitic.66.jpg,-0.13035306,0.09037074,2
84,Oolitic.76,PPL,train,class17_oolite,/content/PetroVision-Multimodal/data/raw/PPL/train/class17_oolite/Oolitic.76.jpg,-0.3739261,0.03941346,1
85,Oolitic.88,PPL,train,class17_oolite,/content/PetroVision-Multimodal/data/raw/PPL/train/class17_oolite/Oolitic.88.jpg,-0.22925948,-0.08488015,1
86,Oolitic.9,PPL,train,class17_oolite,/content/PetroVision-Multimodal/data/raw/PPL/train/class17_oolite/Oolitic.9.jpg,-0.19794324,-0.015648043,1
87,Oolitic.93,PPL,train,class17_oolite,/content/PetroVision-Multimodal/data/raw/PPL/train/class17_oolite/Oolitic.93.jpg,-0.3031048,0.15657449,1
88,Oolitic.97,PPL,train,class17_oolite,/content/PetroVision-Multimodal/data/raw/PPL/train/class17_oolite/Oolitic.97.jpg,-0.15620588,0.0014554644,2
89,Oolitic.99,PPL,train,class17_oolite,/content/PetroVision-Multimodal/data/raw/PPL/train/class17_oolite/Oolitic.99.jpg,0.033937246,0.18007465,0
90,Vug.1770,PPL,train,class22_pore,/content/PetroVision-Multimodal/data/raw/PPL/train/class22_pore/Vug.1770.jpg,0.054571897,0.31372547,2
91,Vug.1798,PPL,train,class22_pore,/content/PetroVision-Multimodal/data/raw/PPL/train/class22_pore/Vug.1798.jpg,0.02412965,0.1699272,2
92,Vug.1946,PPL,train,class22_pore,/content/PetroVision-Multimodal/data/raw/PPL/train/class22_pore/Vug.1946.jpg,-0.040726006,0.16754329,2
93,Vug.1971,PPL,train,class22_pore,/content/PetroVision-Multimodal/data/raw/PPL/train/class22_pore/Vug.1971.jpg,0.027292771,-0.41695344,3
94,Vug.1975,PPL,train,class22_pore,/content/PetroVision-Multimodal/data/raw/PPL/train/class22_pore/Vug.1975.jpg,-0.36485013,0.21658695,1
95,Vug.1978,PPL,train,class22_pore,/content/PetroVision-Multimodal/data/raw/PPL/train/class22_pore/Vug.1978.jpg,-0.14230488,0.1069329,2
96,Vug.2399,PPL,train,class22_pore,/content/PetroVision-Multimodal/data/raw/PPL/train/class22_pore/Vug.2399.jpg,0.11703907,-0.04007379,2
97,Vug.250,PPL,train,class22_pore,/content/PetroVision-Multimodal/data/raw/PPL/train/class22_pore/Vug.250.jpg,0.07168497,-0.03949634,0
98,Vug.2501,PPL,train,class22_pore,/content/PetroVision-Multimodal/data/raw/PPL/train/class22_pore/Vug.2501.jpg,-0.18309759,0.16447735,2
99,Vug.2629,PPL,train,class22_pore,/content/PetroVision-Multimodal/data/raw/PPL/train/class22_pore/Vug.2629.jpg,-0.058799706,0.319944,2
100,Vug.284,PPL,train,class22_pore,/content/PetroVision-Multimodal/data/raw/PPL/train/class22_pore/Vug.284.jpg,0.040256724,0.34538168,2
101,Vug.2987,PPL,train,class22_pore,/content/PetroVision-Multimodal/data/raw/PPL/train/class22_pore/Vug.2987.jpg,-0.16206667,-0.03400924,2
102,Vug.3065,PPL,train,class22_pore,/content/PetroVision-Multimodal/data/raw/PPL/train/class22_pore/Vug.3065.jpg,0.16627581,-0.21461797,3
103,Vug.3314,PPL,train,class22_pore,/content/PetroVision-Multimodal/data/raw/PPL/train/class22_pore/Vug.3314.jpg,0.017622715,0.092395835,2
104,Vug.3325,PPL,train,class22_pore,/content/PetroVision-Multimodal/data/raw/PPL/train/class22_pore/Vug.3325.jpg,0.13365056,0.14376292,0
105,Vug.3489,PPL,train,class22_pore,/content/PetroVision-Multimodal/data/raw/PPL/train/class22_pore/Vug.3489.jpg,-0.06030363,0.08692576,2
106,Vug.3621,PPL,train,class22_pore,/content/PetroVision-Multimodal/data/raw/PPL/train/class22_pore/Vug.3621.jpg,0.1517484,0.21646924,0
107,Vug.3717,PPL,train,class22_pore,/content/PetroVision-Multimodal/data/raw/PPL/train/class22_pore/Vug.3717.jpg,0.025362832,-0.22741765,3
108,Vug.3807,PPL,train,class22_pore,/content/PetroVision-Multimodal/data/raw/PPL/train/class22_pore/Vug.3807.jpg,-0.11376992,-0.023420287,2
109,Vug.499,PPL,train,class22_pore,/content/PetroVision-Multimodal/data/raw/PPL/train/class22_pore/Vug.499.jpg,0.060116008,0.13821404,2
110,Vug.5169,PPL,train,class22_pore,/content/PetroVision-Multimodal/data/raw/PPL/train/class22_pore/Vug.5169.jpg,0.2286383,0.23670082,0
111,Vug.5453,PPL,train,class22_pore,/content/PetroVision-Multimodal/data/raw/PPL/train/class22_pore/Vug.5453.jpg,0.15444624,0.1980052,0
112,Vug.561,PPL,train,class22_pore,/content/PetroVision-Multimodal/data/raw/PPL/train/class22_pore/Vug.561.jpg,0.3033645,-0.023647787,0
113,Vug.5776,PPL,train,class22_pore,/content/PetroVision-Multimodal/data/raw/PPL/train/class22_pore/Vug.5776.jpg,0.18821152,0.0021049883,0
114,Vug.5806,PPL,train,class22_pore,/content/PetroVision-Multimodal/data/raw/PPL/train/class22_pore/Vug.5806.jpg,0.17728074,0.3501324,0
115,Vug.5885,PPL,train,class22_pore,/content/PetroVision-Multimodal/data/raw/PPL/train/class22_pore/Vug.5885.jpg,-0.05462896,-0.08695335,2
116,Vug.6085,PPL,train,class22_pore,/content/PetroVision-Multimodal/data/raw/PPL/train/class22_pore/Vug.6085.jpg,0.18295006,0.085452564,0
117,Vug.6105,PPL,train,class22_pore,/content/PetroVision-Multimodal/data/raw/PPL/train/class22_pore/Vug.6105.jpg,0.032098986,0.2922699,2
118,Vug.6352,PPL,train,class22_pore,/content/PetroVision-Multimodal/data/raw/PPL/train/class22_pore/Vug.6352.jpg,-0.14200479,0.23085311,2
119,Vug.858,PPL,train,class22_pore,/content/PetroVision-Multimodal/data/raw/PPL/train/class22_pore/Vug.858.jpg,-0.06862794,0.326871,2
120,Fracture.1024,XPL,train,class10_cemented_fracture,/content/PetroVision-Multimodal/data/raw/XPL/train/class10_cemented_fracture/Fracture.1024.jpg,-0.011406532,-0.0645416,2
121,Fracture.1178,XPL,train,class10_cemented_fracture,/content/PetroVision-Multimodal/data/raw/XPL/train/class10_cemented_fracture/Fracture.1178.jpg,0.15458395,0.16915123,0
122,Fracture.13,XPL,train,class10_cemented_fracture,/content/PetroVision-Multimodal/data/raw/XPL/train/class10_cemented_fracture/Fracture.13.jpg,0.19713975,0.0156123955,0
123,Fracture.147,XPL,train,class10_cemented_fracture,/content/PetroVision-Multimodal/data/raw/XPL/train/class10_cemented_fracture/Fracture.147.jpg,0.085687146,-0.19299114,2
124,Fracture.164,XPL,train,class10_cemented_fracture,/content/PetroVision-Multimodal/data/raw/XPL/train/class10_cemented_fracture/Fracture.164.jpg,0.22681631,0.2688288,0
125,Fracture.168,XPL,train,class10_cemented_fracture,/content/PetroVision-Multimodal/data/raw/XPL/train/class10_cemented_fracture/Fracture.168.jpg,0.24047296,0.32663167,0
126,Fracture.169,XPL,train,class10_cemented_fracture,/content/PetroVision-Multimodal/data/raw/XPL/train/class10_cemented_fracture/Fracture.169.jpg,0.15570106,-0.05380082,2
127,Fracture.179,XPL,train,class10_cemented_fracture,/content/PetroVision-Multimodal/data/raw/XPL/train/class10_cemented_fracture/Fracture.179.jpg,0.20750475,0.31437486,0
128,Fracture.199,XPL,train,class10_cemented_fracture,/content/PetroVision-Multimodal/data/raw/XPL/train/class10_cemented_fracture/Fracture.199.jpg,-0.027568774,0.010327758,2
129,Fracture.266,XPL,train,class10_cemented_fracture,/content/PetroVision-Multimodal/data/raw/XPL/train/class10_cemented_fracture/Fracture.266.jpg,0.22905917,0.08969242,0
130,Fracture.276,XPL,train,class10_cemented_fracture,/content/PetroVision-Multimodal/data/raw/XPL/train/class10_cemented_fracture/Fracture.276.jpg,0.22252437,-0.08167217,0
131,Fracture.313,XPL,train,class10_cemented_fracture,/content/PetroVision-Multimodal/data/raw/XPL/train/class10_cemented_fracture/Fracture.313.jpg,0.30764002,0.0804967,0
132,Fracture.315,XPL,train,class10_cemented_fracture,/content/PetroVision-Multimodal/data/raw/XPL/train/class10_cemented_fracture/Fracture.315.jpg,0.35221997,0.065456435,0
133,Fracture.371,XPL,train,class10_cemented_fracture,/content/PetroVision-Multimodal/data/raw/XPL/train/class10_cemented_fracture/Fracture.371.jpg,0.20840965,0.11709298,0
134,Fracture.438,XPL,train,class10_cemented_fracture,/content/PetroVision-Multimodal/data/raw/XPL/train/class10_cemented_fracture/Fracture.438.jpg,0.2786021,-0.012492498,2
135,Fracture.439,XPL,train,class10_cemented_fracture,/content/PetroVision-Multimodal/data/raw/XPL/train/class10_cemented_fracture/Fracture.439.jpg,0.13923797,0.08539871,2
136,Fracture.441,XPL,train,class10_cemented_fracture,/content/PetroVision-Multimodal/data/raw/XPL/train/class10_cemented_fracture/Fracture.441.jpg,0.24429028,-0.08890797,0
137,Fracture.462,XPL,train,class10_cemented_fracture,/content/PetroVision-Multimodal/data/raw/XPL/train/class10_cemented_fracture/Fracture.462.JPG,0.20692751,0.23694108,0
138,Fracture.464,XPL,train,class10_cemented_fracture,/content/PetroVision-Multimodal/data/raw/XPL/train/class10_cemented_fracture/Fracture.464.JPG,0.16380568,0.22818157,0
139,Fracture.517,XPL,train,class10_cemented_fracture,/content/PetroVision-Multimodal/data/raw/XPL/train/class10_cemented_fracture/Fracture.517.jpg,0.016302815,-0.12240394,2
140,Fracture.581,XPL,train,class10_cemented_fracture,/content/PetroVision-Multimodal/data/raw/XPL/train/class10_cemented_fracture/Fracture.581.jpg,0.22653662,-0.2739643,3
141,Fracture.596,XPL,train,class10_cemented_fracture,/content/PetroVision-Multimodal/data/raw/XPL/train/class10_cemented_fracture/Fracture.596.jpg,0.31815448,-0.04386635,0
142,Fracture.648,XPL,train,class10_cemented_fracture,/content/PetroVision-Multimodal/data/raw/XPL/train/class10_cemented_fracture/Fracture.648.jpg,0.05535184,-0.1733268,2
143,Fracture.687,XPL,train,class10_cemented_fracture,/content/PetroVision-Multimodal/data/raw/XPL/train/class10_cemented_fracture/Fracture.687.jpg,0.051426373,0.12421408,0
144,Fracture.732,XPL,train,class10_cemented_fracture,/content/PetroVision-Multimodal/data/raw/XPL/train/class10_cemented_fracture/Fracture.732.jpg,0.4135433,0.05937986,0
145,Fracture.753,XPL,train,class10_cemented_fracture,/content/PetroVision-Multimodal/data/raw/XPL/train/class10_cemented_fracture/Fracture.753.jpg,0.36221176,-0.15905964,3
146,Fracture.788,XPL,train,class10_cemented_fracture,/content/PetroVision-Multimodal/data/raw/XPL/train/class10_cemented_fracture/Fracture.788.jpg,0.23878346,-0.06271889,3
147,Fracture.896,XPL,train,class10_cemented_fracture,/content/PetroVision-Multimodal/data/raw/XPL/train/class10_cemented_fracture/Fracture.896.jpg,-0.038774192,0.08731846,2
148,Fracture.956,XPL,train,class10_cemented_fracture,/content/PetroVision-Multimodal/data/raw/XPL/train/class10_cemented_fracture/Fracture.956.jpg,0.102519244,0.19819659,0
149,Fracture.981,XPL,train,class10_cemented_fracture,/content/PetroVision-Multimodal/data/raw/XPL/train/class10_cemented_fracture/Fracture.981.jpg,-0.09615442,0.28167266,2
150,Micritic_limestone.1262,XPL,train,class13_micritic_limestone,/content/PetroVision-Multimodal/data/raw/XPL/train/class13_micritic_limestone/Micritic_limestone.1262.jpg,-0.030402554,-0.04795584,2
151,Micritic_limestone.197,XPL,train,class13_micritic_limestone,/content/PetroVision-Multimodal/data/raw/XPL/train/class13_micritic_limestone/Micritic_limestone.197.jpg,-0.12598735,-0.05258844,2
152,Micritic_limestone.2061,XPL,train,class13_micritic_limestone,/content/PetroVision-Multimodal/data/raw/XPL/train/class13_micritic_limestone/Micritic_limestone.2061.jpg,0.33136657,-0.056388333,0
153,Micritic_limestone.2080,XPL,train,class13_micritic_limestone,/content/PetroVision-Multimodal/data/raw/XPL/train/class13_micritic_limestone/Micritic_limestone.2080.jpg,0.02573531,-0.2488653,3
154,Micritic_limestone.2120,XPL,train,class13_micritic_limestone,/content/PetroVision-Multimodal/data/raw/XPL/train/class13_micritic_limestone/Micritic_limestone.2120.jpg,0.05335457,-0.21496496,2
155,Micritic_limestone.2134,XPL,train,class13_micritic_limestone,/content/PetroVision-Multimodal/data/raw/XPL/train/class13_micritic_limestone/Micritic_limestone.2134.jpg,-0.07865332,0.107348226,2
156,Micritic_limestone.2170,XPL,train,class13_micritic_limestone,/content/PetroVision-Multimodal/data/raw/XPL/train/class13_micritic_limestone/Micritic_limestone.2170.jpg,0.299556,0.060968697,0
157,Micritic_limestone.2177,XPL,train,class13_micritic_limestone,/content/PetroVision-Multimodal/data/raw/XPL/train/class13_micritic_limestone/Micritic_limestone.2177.jpg,-0.0807158,0.09395983,2
158,Micritic_limestone.2217,XPL,train,class13_micritic_limestone,/content/PetroVision-Multimodal/data/raw/XPL/train/class13_micritic_limestone/Micritic_limestone.2217.jpg,-0.07968326,-0.09397881,2
159,Micritic_limestone.2253,XPL,train,class13_micritic_limestone,/content/PetroVision-Multimodal/data/raw/XPL/train/class13_micritic_limestone/Micritic_limestone.2253.jpg,0.31429848,0.106242664,0
160,Micritic_limestone.2260,XPL,train,class13_micritic_limestone,/content/PetroVision-Multimodal/data/raw/XPL/train/class13_micritic_limestone/Micritic_limestone.2260.jpg,0.033179767,-0.09963135,2
161,Micritic_limestone.2273,XPL,train,class13_micritic_limestone,/content/PetroVision-Multimodal/data/raw/XPL/train/class13_micritic_limestone/Micritic_limestone.2273.jpg,0.055234775,-0.007727159,0
162,Micritic_limestone.23,XPL,train,class13_micritic_limestone,/content/PetroVision-Multimodal/data/raw/XPL/train/class13_micritic_limestone/Micritic_limestone.23.jpg,-0.08178383,0.08469131,2
163,Micritic_limestone.2563,XPL,train,class13_micritic_limestone,/content/PetroVision-Multimodal/data/raw/XPL/train/class13_micritic_limestone/Micritic_limestone.2563.jpg,0.2619253,0.14700693,0
164,Micritic_limestone.2613,XPL,train,class13_micritic_limestone,/content/PetroVision-Multimodal/data/raw/XPL/train/class13_micritic_limestone/Micritic_limestone.2613.jpg,0.041866176,-0.2451011,2
165,Micritic_limestone.2839,XPL,train,class13_micritic_limestone,/content/PetroVision-Multimodal/data/raw/XPL/train/class13_micritic_limestone/Micritic_limestone.2839.jpg,0.10641521,-0.005442979,0
166,Micritic_limestone.2851,XPL,train,class13_micritic_limestone,/content/PetroVision-Multimodal/data/raw/XPL/train/class13_micritic_limestone/Micritic_limestone.2851.jpg,-0.0808602,-0.3617751,3
167,Micritic_limestone.2862,XPL,train,class13_micritic_limestone,/content/PetroVision-Multimodal/data/raw/XPL/train/class13_micritic_limestone/Micritic_limestone.2862.jpg,0.17138131,0.06502861,0
168,Micritic_limestone.2885,XPL,train,class13_micritic_limestone,/content/PetroVision-Multimodal/data/raw/XPL/train/class13_micritic_limestone/Micritic_limestone.2885.jpg,0.07638877,0.20357788,0
169,Micritic_limestone.2891,XPL,train,class13_micritic_limestone,/content/PetroVision-Multimodal/data/raw/XPL/train/class13_micritic_limestone/Micritic_limestone.2891.jpg,0.119149506,0.26561642,0
170,Micritic_limestone.2913,XPL,train,class13_micritic_limestone,/content/PetroVision-Multimodal/data/raw/XPL/train/class13_micritic_limestone/Micritic_limestone.2913.jpg,0.02737637,-0.086954184,2
171,Micritic_limestone.2952,XPL,train,class13_micritic_limestone,/content/PetroVision-Multimodal/data/raw/XPL/train/class13_micritic_limestone/Micritic_limestone.2952.jpg,-0.07704034,0.04861532,2
172,Micritic_limestone.2993,XPL,train,class13_micritic_limestone,/content/PetroVision-Multimodal/data/raw/XPL/train/class13_micritic_limestone/Micritic_limestone.2993.jpg,0.13562758,0.017257027,2
173,Micritic_limestone.3006,XPL,train,class13_micritic_limestone,/content/PetroVision-Multimodal/data/raw/XPL/train/class13_micritic_limestone/Micritic_limestone.3006.jpg,-0.33599302,-0.07505948,1
174,Micritic_limestone.44,XPL,train,class13_micritic_limestone,/content/PetroVision-Multimodal/data/raw/XPL/train/class13_micritic_limestone/Micritic_limestone.44.jpg,0.44327584,0.15370165,0
175,Micritic_limestone.486,XPL,train,class13_micritic_limestone,/content/PetroVision-Multimodal/data/raw/XPL/train/class13_micritic_limestone/Micritic_limestone.486.jpg,0.13544565,-0.076582864,3
176,Micritic_limestone.50,XPL,train,class13_micritic_limestone,/content/PetroVision-Multimodal/data/raw/XPL/train/class13_micritic_limestone/Micritic_limestone.50.jpg,0.28223935,-0.0074625313,0
177,Micritic_limestone.670,XPL,train,class13_micritic_limestone,/content/PetroVision-Multimodal/data/raw/XPL/train/class13_micritic_limestone/Micritic_limestone.670.jpg,-0.008074051,-0.046456702,2
178,Micritic_limestone.894,XPL,train,class13_micritic_limestone,/content/PetroVision-Multimodal/data/raw/XPL/train/class13_micritic_limestone/Micritic_limestone.894.jpg,0.175814,-0.094348766,2
179,Micritic_limestone.903,XPL,train,class13_micritic_limestone,/content/PetroVision-Multimodal/data/raw/XPL/train/class13_micritic_limestone/Micritic_limestone.903.jpg,0.06428264,0.04949376,2
180,Oolitic.101,XPL,train,class17_oolite,/content/PetroVision-Multimodal/data/raw/XPL/train/class17_oolite/Oolitic.101.jpg,-0.1284999,0.30065626,2
181,Oolitic.120,XPL,train,class17_oolite,/content/PetroVision-Multimodal/data/raw/XPL/train/class17_oolite/Oolitic.120.jpg,-0.5275125,-0.123340406,1
182,Oolitic.125,XPL,train,class17_oolite,/content/PetroVision-Multimodal/data/raw/XPL/train/class17_oolite/Oolitic.125.jpg,-0.3387883,-0.09006884,1
183,Oolitic.131,XPL,train,class17_oolite,/content/PetroVision-Multimodal/data/raw/XPL/train/class17_oolite/Oolitic.131.jpg,-0.1547392,0.10014688,2
184,Oolitic.138,XPL,train,class17_oolite,/content/PetroVision-Multimodal/data/raw/XPL/train/class17_oolite/Oolitic.138.jpg,-0.057798572,0.079942666,2
185,Oolitic.141,XPL,train,class17_oolite,/content/PetroVision-Multimodal/data/raw/XPL/train/class17_oolite/Oolitic.141.jpg,0.016927777,0.152108,2
186,Oolitic.145,XPL,train,class17_oolite,/content/PetroVision-Multimodal/data/raw/XPL/train/class17_oolite/Oolitic.145.jpg,-0.3038311,-0.3599533,1
187,Oolitic.148,XPL,train,class17_oolite,/content/PetroVision-Multimodal/data/raw/XPL/train/class17_oolite/Oolitic.148.jpg,-0.44860712,-0.098241806,1
188,Oolitic.16,XPL,train,class17_oolite,/content/PetroVision-Multimodal/data/raw/XPL/train/class17_oolite/Oolitic.16.jpg,-0.2997202,-0.19890715,1
189,Oolitic.19,XPL,train,class17_oolite,/content/PetroVision-Multimodal/data/raw/XPL/train/class17_oolite/Oolitic.19.jpg,-0.29044828,0.20138079,1
190,Oolitic.22,XPL,train,class17_oolite,/content/PetroVision-Multimodal/data/raw/XPL/train/class17_oolite/Oolitic.22.jpg,-0.15338959,0.2543395,2
191,Oolitic.26,XPL,train,class17_oolite,/content/PetroVision-Multimodal/data/raw/XPL/train/class17_oolite/Oolitic.26.jpg,-0.5864692,-0.14665137,1
192,Oolitic.28,XPL,train,class17_oolite,/content/PetroVision-Multimodal/data/raw/XPL/train/class17_oolite/Oolitic.28.jpg,-0.6237268,0.030518157,1
193,Oolitic.30,XPL,train,class17_oolite,/content/PetroVision-Multimodal/data/raw/XPL/train/class17_oolite/Oolitic.30.jpg,0.08279915,-0.25181657,3
194,Oolitic.32,XPL,train,class17_oolite,/content/PetroVision-Multimodal/data/raw/XPL/train/class17_oolite/Oolitic.32.jpg,-0.015763769,-0.3421625,3
195,Oolitic.35,XPL,train,class17_oolite,/content/PetroVision-Multimodal/data/raw/XPL/train/class17_oolite/Oolitic.35.jpg,-0.33702484,-0.038713872,1
196,Oolitic.57,XPL,train,class17_oolite,/content/PetroVision-Multimodal/data/raw/XPL/train/class17_oolite/Oolitic.57.jpg,-0.28822288,-0.019630825,2
197,Oolitic.6,XPL,train,class17_oolite,/content/PetroVision-Multimodal/data/raw/XPL/train/class17_oolite/Oolitic.6.jpg,-0.10254569,-0.089055076,2
198,Oolitic.62,XPL,train,class17_oolite,/content/PetroVision-Multimodal/data/raw/XPL/train/class17_oolite/Oolitic.62.jpg,-0.07165577,-0.33757424,2
199,Oolitic.67,XPL,train,class17_oolite,/content/PetroVision-Multimodal/data/raw/XPL/train/class17_oolite/Oolitic.67.jpg,-0.2304642,-0.0135166105,2
200,Oolitic.69,XPL,train,class17_oolite,/content/PetroVision-Multimodal/data/raw/XPL/train/class17_oolite/Oolitic.69.jpg,-0.2407383,-0.14950639,2
201,Oolitic.71,XPL,train,class17_oolite,/content/PetroVision-Multimodal/data/raw/XPL/train/class17_oolite/Oolitic.71.jpg,-0.32752034,0.034029134,1
202,Oolitic.77,XPL,train,class17_oolite,/content/PetroVision-Multimodal/data/raw/XPL/train/class17_oolite/Oolitic.77.jpg,-0.4450508,0.046114482,1
203,Oolitic.80,XPL,train,class17_oolite,/content/PetroVision-Multimodal/data/raw/XPL/train/class17_oolite/Oolitic.80.jpg,-0.48174435,0.17246126,1
204,Oolitic.82,XPL,train,class17_oolite,/content/PetroVision-Multimodal/data/raw/XPL/train/class17_oolite/Oolitic.82.jpg,-0.33212137,0.18603197,1
205,Oolitic.84,XPL,train,class17_oolite,/content/PetroVision-Multimodal/data/raw/XPL/train/class17_oolite/Oolitic.84.jpg,-0.31857577,-0.0268817,1
206,Oolitic.89,XPL,train,class17_oolite,/content/PetroVision-Multimodal/data/raw/XPL/train/class17_oolite/Oolitic.89.jpg,-0.04585091,-0.23980775,2
207,Oolitic.91,XPL,train,class17_oolite,/content/PetroVision-Multimodal/data/raw/XPL/train/class17_oolite/Oolitic.91.jpg,-0.06925445,0.026221843,2
208,Oolitic.94,XPL,train,class17_oolite,/content/PetroVision-Multimodal/data/raw/XPL/train/class17_oolite/Oolitic.94.jpg,-0.31491932,0.09253025,1
209,Oolitic.98,XPL,train,class17_oolite,/content/PetroVision-Multimodal/data/raw/XPL/train/class17_oolite/Oolitic.98.jpg,-0.15788397,-0.034558564,2
210,Vug.1471,XPL,train,class22_pore,/content/PetroVision-Multimodal/data/raw/XPL/train/class22_pore/Vug.1471.jpg,0.25147954,-0.3283025,3
211,Vug.1584,XPL,train,class22_pore,/content/PetroVision-Multimodal/data/raw/XPL/train/class22_pore/Vug.1584.jpg,-0.28627077,0.041241,1
212,Vug.168,XPL,train,class22_pore,/content/PetroVision-Multimodal/data/raw/XPL/train/class22_pore/Vug.168.jpg,-0.19635765,-0.10790893,2
213,Vug.1884,XPL,train,class22_pore,/content/PetroVision-Multimodal/data/raw/XPL/train/class22_pore/Vug.1884.jpg,-0.2594532,0.17716388,2
214,Vug.2037,XPL,train,class22_pore,/content/PetroVision-Multimodal/data/raw/XPL/train/class22_pore/Vug.2037.jpg,-0.16606319,0.17880589,2
215,Vug.2120,XPL,train,class22_pore,/content/PetroVision-Multimodal/data/raw/XPL/train/class22_pore/Vug.2120.jpg,-0.095600024,-0.17878164,2
216,Vug.2238,XPL,train,class22_pore,/content/PetroVision-Multimodal/data/raw/XPL/train/class22_pore/Vug.2238.jpg,-0.042065807,-0.20377025,2
217,Vug.287,XPL,train,class22_pore,/content/PetroVision-Multimodal/data/raw/XPL/train/class22_pore/Vug.287.jpg,-0.20252109,-0.08197927,2
218,Vug.2949,XPL,train,class22_pore,/content/PetroVision-Multimodal/data/raw/XPL/train/class22_pore/Vug.2949.jpg,-0.13705583,-0.33337188,3
219,Vug.3079,XPL,train,class22_pore,/content/PetroVision-Multimodal/data/raw/XPL/train/class22_pore/Vug.3079.jpg,-0.006770959,-0.07505004,2
220,Vug.3103,XPL,train,class22_pore,/content/PetroVision-Multimodal/data/raw/XPL/train/class22_pore/Vug.3103.jpg,0.12048161,-0.029314725,0
221,Vug.3258,XPL,train,class22_pore,/content/PetroVision-Multimodal/data/raw/XPL/train/class22_pore/Vug.3258.jpg,-0.016040185,0.00840145,2
222,Vug.3278,XPL,train,class22_pore,/content/PetroVision-Multimodal/data/raw/XPL/train/class22_pore/Vug.3278.jpg,-0.11479765,0.24397552,2
223,Vug.3333,XPL,train,class22_pore,/content/PetroVision-Multimodal/data/raw/XPL/train/class22_pore/Vug.3333.jpg,-0.11175634,-0.18844345,2
224,Vug.4003,XPL,train,class22_pore,/content/PetroVision-Multimodal/data/raw/XPL/train/class22_pore/Vug.4003.jpg,0.06053815,0.20481177,2
225,Vug.4350,XPL,train,class22_pore,/content/PetroVision-Multimodal/data/raw/XPL/train/class22_pore/Vug.4350.jpg,-0.11475909,-0.1049108,2
226,Vug.4712,XPL,train,class22_pore,/content/PetroVision-Multimodal/data/raw/XPL/train/class22_pore/Vug.4712.jpg,0.017242493,-0.26498312,3
227,Vug.4734,XPL,train,class22_pore,/content/PetroVision-Multimodal/data/raw/XPL/train/class22_pore/Vug.4734.jpg,0.21735895,0.10893455,0
228,Vug.4797,XPL,train,class22_pore,/content/PetroVision-Multimodal/data/raw/XPL/train/class22_pore/Vug.4797.jpg,0.059603654,0.113970645,0
229,Vug.5124,XPL,train,class22_pore,/content/PetroVision-Multimodal/data/raw/XPL/train/class22_pore/Vug.5124.jpg,0.3003502,0.2075524,0
230,Vug.5157,XPL,train,class22_pore,/content/PetroVision-Multimodal/data/raw/XPL/train/class22_pore/Vug.5157.jpg,0.017293697,-0.09747463,2
231,Vug.530,XPL,train,class22_pore,/content/PetroVision-Multimodal/data/raw/XPL/train/class22_pore/Vug.530.jpg,-0.28956446,0.0017052107,2
232,Vug.5318,XPL,train,class22_pore,/content/PetroVision-Multimodal/data/raw/XPL/train/class22_pore/Vug.5318.jpg,-0.18254216,-0.102125205,2
233,Vug.5417,XPL,train,class22_pore,/content/PetroVision-Multimodal/data/raw/XPL/train/class22_pore/Vug.5417.jpg,-0.14638077,0.06920253,2
234,Vug.5591,XPL,train,class22_pore,/content/PetroVision-Multimodal/data/raw/XPL/train/class22_pore/Vug.5591.jpg,0.13567844,0.059487626,0
235,Vug.5601,XPL,train,class22_pore,/content/PetroVision-Multimodal/data/raw/XPL/train/class22_pore/Vug.5601.jpg,-0.13109961,0.1329503,2
236,Vug.58,XPL,train,class22_pore,/content/PetroVision-Multimodal/data/raw/XPL/train/class22_pore/Vug.58.jpg,0.12985934,0.047785833,0
237,Vug.5813,XPL,train,class22_pore,/content/PetroVision-Multimodal/data/raw/XPL/train/class22_pore/Vug.5813.jpg,0.30129018,0.30477998,0
238,Vug.6370,XPL,train,class22_pore,/content/PetroVision-Multimodal/data/raw/XPL/train/class22_pore/Vug.6370.jpg,-0.10429425,0.31323966,2
239,Vug.76,XPL,train,class22_pore,/content/PetroVision-Multimodal/data/raw/XPL/train/class22_pore/Vug.76.jpg,-0.2181411,-0.0532813,2
240,Fracture.11,PPL,val,class10_cemented_fracture,/content/PetroVision-Multimodal/data/raw/PPL/val/class10_cemented_fracture/Fracture.11.jpg,0.11778188,0.038353644,0
241,Fracture.149,PPL,val,class10_cemented_fracture,/content/PetroVision-Multimodal/data/raw/PPL/val/class10_cemented_fracture/Fracture.149.jpg,0.40961516,-0.29465315,3
242,Fracture.215,PPL,val,class10_cemented_fracture,/content/PetroVision-Multimodal/data/raw/PPL/val/class10_cemented_fracture/Fracture.215.jpg,0.3047488,-0.038802385,0
243,Fracture.277,PPL,val,class10_cemented_fracture,/content/PetroVision-Multimodal/data/raw/PPL/val/class10_cemented_fracture/Fracture.277.jpg,0.049701825,0.046444893,2
244,Fracture.297,PPL,val,class10_cemented_fracture,/content/PetroVision-Multimodal/data/raw/PPL/val/class10_cemented_fracture/Fracture.297.jpg,0.3009325,0.21199754,0
245,Fracture.311,PPL,val,class10_cemented_fracture,/content/PetroVision-Multimodal/data/raw/PPL/val/class10_cemented_fracture/Fracture.311.jpg,0.2872138,0.07898461,0
246,Fracture.331,PPL,val,class10_cemented_fracture,/content/PetroVision-Multimodal/data/raw/PPL/val/class10_cemented_fracture/Fracture.331.jpg,0.12243429,0.032868788,0
247,Micritic_limestone.114,PPL,val,class13_micritic_limestone,/content/PetroVision-Multimodal/data/raw/PPL/val/class13_micritic_limestone/Micritic_limestone.114.jpg,0.07741674,0.04487408,2
248,Micritic_limestone.124,PPL,val,class13_micritic_limestone,/content/PetroVision-Multimodal/data/raw/PPL/val/class13_micritic_limestone/Micritic_limestone.124.jpg,0.0100314375,-0.11676339,2
249,Micritic_limestone.157,PPL,val,class13_micritic_limestone,/content/PetroVision-Multimodal/data/raw/PPL/val/class13_micritic_limestone/Micritic_limestone.157.jpg,0.3511834,-0.22645159,3
250,Micritic_limestone.161,PPL,val,class13_micritic_limestone,/content/PetroVision-Multimodal/data/raw/PPL/val/class13_micritic_limestone/Micritic_limestone.161.jpg,-0.02509869,-0.14564309,2
251,Micritic_limestone.550,PPL,val,class13_micritic_limestone,/content/PetroVision-Multimodal/data/raw/PPL/val/class13_micritic_limestone/Micritic_limestone.550.jpg,-0.13427594,-0.07664733,2
252,Micritic_limestone.68,PPL,val,class13_micritic_limestone,/content/PetroVision-Multimodal/data/raw/PPL/val/class13_micritic_limestone/Micritic_limestone.68.jpg,-0.39315167,-0.03606806,1
253,Micritic_limestone.715,PPL,val,class13_micritic_limestone,/content/PetroVision-Multimodal/data/raw/PPL/val/class13_micritic_limestone/Micritic_limestone.715.jpg,-0.21655937,0.13655002,1
254,Oolitic.1,PPL,val,class17_oolite,/content/PetroVision-Multimodal/data/raw/PPL/val/class17_oolite/Oolitic.1.jpg,0.19702108,-0.069655076,3
255,Oolitic.12,PPL,val,class17_oolite,/content/PetroVision-Multimodal/data/raw/PPL/val/class17_oolite/Oolitic.12.jpg,-0.03129401,-0.14015079,2
256,Oolitic.14,PPL,val,class17_oolite,/content/PetroVision-Multimodal/data/raw/PPL/val/class17_oolite/Oolitic.14.jpg,-0.2800376,-0.074205205,1
257,Oolitic.30,PPL,val,class17_oolite,/content/PetroVision-Multimodal/data/raw/PPL/val/class17_oolite/Oolitic.30.jpg,-0.22669019,0.07775479,1
258,Oolitic.34,PPL,val,class17_oolite,/content/PetroVision-Multimodal/data/raw/PPL/val/class17_oolite/Oolitic.34.jpg,0.07537083,0.113850705,0
259,Oolitic.36,PPL,val,class17_oolite,/content/PetroVision-Multimodal/data/raw/PPL/val/class17_oolite/Oolitic.36.jpg,-0.11190719,0.19502869,1
260,Oolitic.4,PPL,val,class17_oolite,/content/PetroVision-Multimodal/data/raw/PPL/val/class17_oolite/Oolitic.4.jpg,-0.44606462,-0.17591535,1
261,Vug.1256,PPL,val,class22_pore,/content/PetroVision-Multimodal/data/raw/PPL/val/class22_pore/Vug.1256.jpg,0.030031906,0.26654917,2
262,Vug.1340,PPL,val,class22_pore,/content/PetroVision-Multimodal/data/raw/PPL/val/class22_pore/Vug.1340.jpg,0.3230679,-0.015453678,0
263,Vug.336,PPL,val,class22_pore,/content/PetroVision-Multimodal/data/raw/PPL/val/class22_pore/Vug.336.jpg,-0.017553555,0.20464483,2
264,Vug.514,PPL,val,class22_pore,/content/PetroVision-Multimodal/data/raw/PPL/val/class22_pore/Vug.514.jpg,0.16485043,-0.08150906,2
265,Vug.57,PPL,val,class22_pore,/content/PetroVision-Multimodal/data/raw/PPL/val/class22_pore/Vug.57.jpg,0.14765011,0.3222928,0
266,Vug.718,PPL,val,class22_pore,/content/PetroVision-Multimodal/data/raw/PPL/val/class22_pore/Vug.718.jpg,-0.36861968,-0.00718938,1
267,Vug.774,PPL,val,class22_pore,/content/PetroVision-Multimodal/data/raw/PPL/val/class22_pore/Vug.774.jpg,0.15206861,-0.22245151,3
268,Fracture.21,XPL,val,class10_cemented_fracture,/content/PetroVision-Multimodal/data/raw/XPL/val/class10_cemented_fracture/Fracture.21.jpg,0.43764845,-0.011488134,0
269,Fracture.268,XPL,val,class10_cemented_fracture,/content/PetroVision-Multimodal/data/raw/XPL/val/class10_cemented_fracture/Fracture.268.jpg,0.07667801,-0.038400054,2
270,Fracture.280,XPL,val,class10_cemented_fracture,/content/PetroVision-Multimodal/data/raw/XPL/val/class10_cemented_fracture/Fracture.280.jpg,0.2759432,0.09522403,0
271,Fracture.29,XPL,val,class10_cemented_fracture,/content/PetroVision-Multimodal/data/raw/XPL/val/class10_cemented_fracture/Fracture.29.jpg,0.094159864,-0.34384,3
272,Fracture.37,XPL,val,class10_cemented_fracture,/content/PetroVision-Multimodal/data/raw/XPL/val/class10_cemented_fracture/Fracture.37.jpg,0.26978835,-0.05470799,0
273,Fracture.67,XPL,val,class10_cemented_fracture,/content/PetroVision-Multimodal/data/raw/XPL/val/class10_cemented_fracture/Fracture.67.jpg,0.21001811,-0.1870686,3
274,Fracture.87,XPL,val,class10_cemented_fracture,/content/PetroVision-Multimodal/data/raw/XPL/val/class10_cemented_fracture/Fracture.87.jpg,0.29768583,-0.15599582,3
275,Micritic_limestone.155,XPL,val,class13_micritic_limestone,/content/PetroVision-Multimodal/data/raw/XPL/val/class13_micritic_limestone/Micritic_limestone.155.jpg,0.45956174,-0.021600204,0
276,Micritic_limestone.172,XPL,val,class13_micritic_limestone,/content/PetroVision-Multimodal/data/raw/XPL/val/class13_micritic_limestone/Micritic_limestone.172.jpg,-0.0058716293,0.07240852,2
277,Micritic_limestone.278,XPL,val,class13_micritic_limestone,/content/PetroVision-Multimodal/data/raw/XPL/val/class13_micritic_limestone/Micritic_limestone.278.JPG,0.080385916,0.17063591,0
278,Micritic_limestone.5,XPL,val,class13_micritic_limestone,/content/PetroVision-Multimodal/data/raw/XPL/val/class13_micritic_limestone/Micritic_limestone.5.jpg,0.2054007,-0.012239803,0
279,Micritic_limestone.689,XPL,val,class13_micritic_limestone,/content/PetroVision-Multimodal/data/raw/XPL/val/class13_micritic_limestone/Micritic_limestone.689.jpg,0.028915627,0.03954804,0
280,Micritic_limestone.696,XPL,val,class13_micritic_limestone,/content/PetroVision-Multimodal/data/raw/XPL/val/class13_micritic_limestone/Micritic_limestone.696.jpg,0.12809019,-0.150477,3
281,Micritic_limestone.792,XPL,val,class13_micritic_limestone,/content/PetroVision-Multimodal/data/raw/XPL/val/class13_micritic_limestone/Micritic_limestone.792.jpg,0.3073112,-0.02024526,0
282,Oolitic.18,XPL,val,class17_oolite,/content/PetroVision-Multimodal/data/raw/XPL/val/class17_oolite/Oolitic.18.jpg,-0.20095329,-0.055658713,2
283,Oolitic.2,XPL,val,class17_oolite,/content/PetroVision-Multimodal/data/raw/XPL/val/class17_oolite/Oolitic.2.jpg,-0.10639365,0.13185707,2
284,Oolitic.21,XPL,val,class17_oolite,/content/PetroVision-Multimodal/data/raw/XPL/val/class17_oolite/Oolitic.21.jpg,-0.32099608,0.015772287,1
285,Oolitic.27,XPL,val,class17_oolite,/content/PetroVision-Multimodal/data/raw/XPL/val/class17_oolite/Oolitic.27.jpg,-0.5496637,0.16539381,1
286,Oolitic.38,XPL,val,class17_oolite,/content/PetroVision-Multimodal/data/raw/XPL/val/class17_oolite/Oolitic.38.jpg,-0.43026745,0.21802454,1
287,Oolitic.40,XPL,val,class17_oolite,/content/PetroVision-Multimodal/data/raw/XPL/val/class17_oolite/Oolitic.40.jpg,-0.330247,-0.20240265,1
288,Oolitic.7,XPL,val,class17_oolite,/content/PetroVision-Multimodal/data/raw/XPL/val/class17_oolite/Oolitic.7.jpg,-0.3698525,0.012492409,1
289,Vug.1159,XPL,val,class22_pore,/content/PetroVision-Multimodal/data/raw/XPL/val/class22_pore/Vug.1159.jpg,-0.19279723,0.06912474,2
290,Vug.1659,XPL,val,class22_pore,/content/PetroVision-Multimodal/data/raw/XPL/val/class22_pore/Vug.1659.jpg,-0.07007626,-0.102346316,2
291,Vug.1686,XPL,val,class22_pore,/content/PetroVision-Multimodal/data/raw/XPL/val/class22_pore/Vug.1686.jpg,0.07246815,0.10139113,2
292,Vug.1693,XPL,val,class22_pore,/content/PetroVision-Multimodal/data/raw/XPL/val/class22_pore/Vug.1693.jpg,-0.21077846,-0.106723055,2
293,Vug.1731,XPL,val,class22_pore,/content/PetroVision-Multimodal/data/raw/XPL/val/class22_pore/Vug.1731.jpg,0.00079124793,0.117899455,2
294,Vug.1753,XPL,val,class22_pore,/content/PetroVision-Multimodal/data/raw/XPL/val/class22_pore/Vug.1753.jpg,0.10332928,0.15769745,0
295,Vug.412,XPL,val,class22_pore,/content/PetroVision-Multimodal/data/raw/XPL/val/class22_pore/Vug.412.jpg,0.14859377,0.16459209,0
296,Fracture.107,PPL,test,class10_cemented_fracture,/content/PetroVision-Multimodal/data/raw/PPL/test/class10_cemented_fracture/Fracture.107.jpg,0.11531024,-0.4276713,3
297,Fracture.123,PPL,test,class10_cemented_fracture,/content/PetroVision-Multimodal/data/raw/PPL/test/class10_cemented_fracture/Fracture.123.jpg,0.31655225,-0.20403232,3
298,Fracture.129,PPL,test,class10_cemented_fracture,/content/PetroVision-Multimodal/data/raw/PPL/test/class10_cemented_fracture/Fracture.129.jpg,0.30030212,-0.07054905,3
299,Fracture.13,PPL,test,class10_cemented_fracture,/content/PetroVision-Multimodal/data/raw/PPL/test/class10_cemented_fracture/Fracture.13.jpg,0.17462417,-0.1652574,0
300,Fracture.6,PPL,test,class10_cemented_fracture,/content/PetroVision-Multimodal/data/raw/PPL/test/class10_cemented_fracture/Fracture.6.jpg,0.21191286,-0.416208,3
301,Micritic_limestone.142,PPL,test,class13_micritic_limestone,/content/PetroVision-Multimodal/data/raw/PPL/test/class13_micritic_limestone/Micritic_limestone.142.jpg,0.14762326,-0.5056211,3
302,Micritic_limestone.249,PPL,test,class13_micritic_limestone,/content/PetroVision-Multimodal/data/raw/PPL/test/class13_micritic_limestone/Micritic_limestone.249.jpg,0.17777376,0.112455405,0
303,Micritic_limestone.267,PPL,test,class13_micritic_limestone,/content/PetroVision-Multimodal/data/raw/PPL/test/class13_micritic_limestone/Micritic_limestone.267.jpg,-0.031145973,0.10359234,2
304,Micritic_limestone.334,PPL,test,class13_micritic_limestone,/content/PetroVision-Multimodal/data/raw/PPL/test/class13_micritic_limestone/Micritic_limestone.334.jpg,-0.10647514,-0.01861686,2
305,Micritic_limestone.350,PPL,test,class13_micritic_limestone,/content/PetroVision-Multimodal/data/raw/PPL/test/class13_micritic_limestone/Micritic_limestone.350.jpg,0.18396103,-0.4174498,3
306,12,PPL,test,class17_oolite,/content/PetroVision-Multimodal/data/raw/PPL/test/class17_oolite/12.jpg,-0.4853349,0.1524058,1
307,13,PPL,test,class17_oolite,/content/PetroVision-Multimodal/data/raw/PPL/test/class17_oolite/13.jpg,0.20485602,0.041451663,0
308,16,PPL,test,class17_oolite,/content/PetroVision-Multimodal/data/raw/PPL/test/class17_oolite/16.jpg,-0.5424688,0.07667076,1
309,20,PPL,test,class17_oolite,/content/PetroVision-Multimodal/data/raw/PPL/test/class17_oolite/20.jpg,-0.607834,-0.07301863,1
310,7,PPL,test,class17_oolite,/content/PetroVision-Multimodal/data/raw/PPL/test/class17_oolite/7.jpg,-0.39158106,-0.013727622,1
311,Vug.114,PPL,test,class22_pore,/content/PetroVision-Multimodal/data/raw/PPL/test/class22_pore/Vug.114.jpg,0.096326575,-0.44809243,3
312,Vug.527,PPL,test,class22_pore,/content/PetroVision-Multimodal/data/raw/PPL/test/class22_pore/Vug.527.jpg,0.029985307,-0.32767972,3
313,Vug.560,PPL,test,class22_pore,/content/PetroVision-Multimodal/data/raw/PPL/test/class22_pore/Vug.560.jpg,-0.017127441,-0.024039602,2
314,Vug.598,PPL,test,class22_pore,/content/PetroVision-Multimodal/data/raw/PPL/test/class22_pore/Vug.598.jpg,-0.05031527,-0.0023542661,2
315,Vug.824,PPL,test,class22_pore,/content/PetroVision-Multimodal/data/raw/PPL/test/class22_pore/Vug.824.jpg,0.22088695,0.21144295,0
316,Fracture.14,XPL,test,class10_cemented_fracture,/content/PetroVision-Multimodal/data/raw/XPL/test/class10_cemented_fracture/Fracture.14.jpg,0.31740943,0.031597402,0
317,Fracture.142,XPL,test,class10_cemented_fracture,/content/PetroVision-Multimodal/data/raw/XPL/test/class10_cemented_fracture/Fracture.142.jpg,0.1980338,-0.42132857,3
318,Fracture.25,XPL,test,class10_cemented_fracture,/content/PetroVision-Multimodal/data/raw/XPL/test/class10_cemented_fracture/Fracture.25.jpg,0.3425008,0.035135873,0
319,Fracture.26,XPL,test,class10_cemented_fracture,/content/PetroVision-Multimodal/data/raw/XPL/test/class10_cemented_fracture/Fracture.26.jpg,0.36300668,0.09780081,0
320,Fracture.62,XPL,test,class10_cemented_fracture,/content/PetroVision-Multimodal/data/raw/XPL/test/class10_cemented_fracture/Fracture.62.jpg,0.05514814,-0.04550015,2
321,Micritic_limestone.10,XPL,test,class13_micritic_limestone,/content/PetroVision-Multimodal/data/raw/XPL/test/class13_micritic_limestone/Micritic_limestone.10.jpg,0.25816867,0.26798207,0
322,Micritic_limestone.321,XPL,test,class13_micritic_limestone,/content/PetroVision-Multimodal/data/raw/XPL/test/class13_micritic_limestone/Micritic_limestone.321.jpg,0.26899555,0.07246429,0
323,Micritic_limestone.390,XPL,test,class13_micritic_limestone,/content/PetroVision-Multimodal/data/raw/XPL/test/class13_micritic_limestone/Micritic_limestone.390.jpg,0.10352014,0.049387842,2
324,Micritic_limestone.407,XPL,test,class13_micritic_limestone,/content/PetroVision-Multimodal/data/raw/XPL/test/class13_micritic_limestone/Micritic_limestone.407.jpg,0.0062867124,-0.1344127,2
325,Micritic_limestone.412,XPL,test,class13_micritic_limestone,/content/PetroVision-Multimodal/data/raw/XPL/test/class13_micritic_limestone/Micritic_limestone.412.jpg,0.13652185,-0.020962236,2
326,10,XPL,test,class17_oolite,/content/PetroVision-Multimodal/data/raw/XPL/test/class17_oolite/10.jpg,0.14421342,0.023253826,2
327,14,XPL,test,class17_oolite,/content/PetroVision-Multimodal/data/raw/XPL/test/class17_oolite/14.jpg,0.05212556,-0.028400412,2
328,17,XPL,test,class17_oolite,/content/PetroVision-Multimodal/data/raw/XPL/test/class17_oolite/17.jpg,-0.42487076,-0.010171974,1
329,19,XPL,test,class17_oolite,/content/PetroVision-Multimodal/data/raw/XPL/test/class17_oolite/19.jpg,-0.44359657,-0.0019074678,1
330,8,XPL,test,class17_oolite,/content/PetroVision-Multimodal/data/raw/XPL/test/class17_oolite/8.jpg,-0.34572336,-0.03155365,1
331,Vug.250,XPL,test,class22_pore,/content/PetroVision-Multimodal/data/raw/XPL/test/class22_pore/Vug.250.jpg,-0.01689249,-0.017773295,2
332,Vug.38,XPL,test,class22_pore,/content/PetroVision-Multimodal/data/raw/XPL/test/class22_pore/Vug.38.jpg,-0.054848343,-0.05883082,2
333,Vug.711,XPL,test,class22_pore,/content/PetroVision-Multimodal/data/raw/XPL/test/class22_pore/Vug.711.jpg,0.24826495,0.02482242,0
334,Vug.811,XPL,test,class22_pore,/content/PetroVision-Multimodal/data/raw/XPL/test/class22_pore/Vug.811.jpg,-0.21662018,0.26734596,1
335,Vug.914,XPL,test,class22_pore,/content/PetroVision-Multimodal/data/raw/XPL/test/class22_pore/Vug.914.jpg,-0.117377065,0.2547995,2
