outer_repeat,outer_fold,training_domain,evaluation_mode,relation,selected_c,inner_validation_macro_f1,accuracy,balanced_accuracy,macro_f1,fit_samples,evaluation_samples
1,1,PPL,PPL,within_domain,100.0,0.6259855093830057,0.6,0.5848214285714285,0.5629960317460317,118,30
1,2,PPL,PPL,within_domain,10.0,0.6578931955557343,0.7333333333333333,0.7276785714285714,0.7267156862745098,118,30
1,3,PPL,PPL,within_domain,10.0,0.6915428089618761,0.7,0.7098214285714286,0.6972971881060116,118,30
1,4,PPL,PPL,within_domain,1.0,0.6158834724052116,0.7586206896551724,0.7633928571428571,0.758288770053476,119,29
1,5,PPL,PPL,within_domain,10.0,0.6717686551656467,0.6896551724137931,0.6875,0.6878151260504202,119,29
2,1,PPL,PPL,within_domain,1.0,0.6586617688010876,0.7,0.6919642857142857,0.6858500976148035,118,30
2,2,PPL,PPL,within_domain,10.0,0.6579556218622714,0.5666666666666667,0.5625,0.5635345047109752,118,30
2,3,PPL,PPL,within_domain,1.0,0.6169442570100464,0.6666666666666666,0.6696428571428571,0.6657509157509157,118,30
2,4,PPL,PPL,within_domain,10.0,0.6859976832306555,0.7241379310344828,0.7232142857142858,0.7333616138763198,119,29
2,5,PPL,PPL,within_domain,100.0,0.6732918153970785,0.7241379310344828,0.71875,0.6973039215686274,119,29
3,1,PPL,PPL,within_domain,1.0,0.6962956957740912,0.6333333333333333,0.6205357142857143,0.5875816993464053,118,30
3,2,PPL,PPL,within_domain,1.0,0.6276276177669365,0.7333333333333333,0.7321428571428571,0.7292429792429792,118,30
3,3,PPL,PPL,within_domain,1.0,0.6713799998113723,0.6333333333333333,0.6383928571428572,0.6348039215686274,118,30
3,4,PPL,PPL,within_domain,10.0,0.6511235997068545,0.6896551724137931,0.6830357142857143,0.6690144478844169,119,29
3,5,PPL,PPL,within_domain,1.0,0.6393255909896777,0.6896551724137931,0.6919642857142857,0.6865842490842491,119,29
4,1,PPL,PPL,within_domain,1.0,0.670016339059952,0.6,0.59375,0.6012759170653907,118,30
4,2,PPL,PPL,within_domain,100.0,0.676852001173074,0.7333333333333333,0.7276785714285714,0.730654761904762,118,30
4,3,PPL,PPL,within_domain,10.0,0.6346140905915102,0.7333333333333333,0.7455357142857143,0.7223039215686275,118,30
4,4,PPL,PPL,within_domain,1.0,0.6449865193286245,0.6896551724137931,0.7053571428571429,0.660515873015873,119,29
4,5,PPL,PPL,within_domain,1.0,0.6672701309698214,0.6896551724137931,0.6919642857142856,0.6917124542124542,119,29
5,1,PPL,PPL,within_domain,1.0,0.6403720922305187,0.7666666666666667,0.7678571428571429,0.7653235653235653,118,30
5,2,PPL,PPL,within_domain,1.0,0.6590128333848888,0.5333333333333333,0.53125,0.5239819004524887,118,30
5,3,PPL,PPL,within_domain,1.0,0.6453371201419391,0.6666666666666666,0.6696428571428571,0.6666666666666666,118,30
5,4,PPL,PPL,within_domain,100.0,0.6347505070608785,0.6896551724137931,0.6919642857142858,0.6910485347985348,119,29
5,5,PPL,PPL,within_domain,0.1,0.6043042469513059,0.6896551724137931,0.6919642857142858,0.6876456876456876,119,29
1,1,PPL,XPL,cross_domain,100.0,0.6259855093830057,0.7,0.7008928571428572,0.6954791531997414,118,30
1,2,PPL,XPL,cross_domain,10.0,0.6578931955557343,0.6,0.6071428571428572,0.6071428571428572,118,30
1,3,PPL,XPL,cross_domain,10.0,0.6915428089618761,0.4,0.4017857142857143,0.4145658263305322,118,30
1,4,PPL,XPL,cross_domain,1.0,0.6158834724052116,0.5517241379310345,0.5669642857142857,0.5371212121212121,119,29
1,5,PPL,XPL,cross_domain,10.0,0.6717686551656467,0.5862068965517241,0.5803571428571429,0.5744360902255639,119,29
2,1,PPL,XPL,cross_domain,1.0,0.6586617688010876,0.6333333333333333,0.6294642857142857,0.6275856496444732,118,30
2,2,PPL,XPL,cross_domain,10.0,0.6579556218622714,0.6666666666666666,0.6651785714285714,0.6592442645074224,118,30
2,3,PPL,XPL,cross_domain,1.0,0.6169442570100464,0.6333333333333333,0.6428571428571428,0.6300595238095238,118,30
2,4,PPL,XPL,cross_domain,10.0,0.6859976832306555,0.5517241379310345,0.5669642857142857,0.5416666666666666,119,29
2,5,PPL,XPL,cross_domain,100.0,0.6732918153970785,0.3793103448275862,0.3705357142857143,0.34348370927318295,119,29
3,1,PPL,XPL,cross_domain,1.0,0.6962956957740912,0.5666666666666667,0.5669642857142857,0.5435897435897435,118,30
3,2,PPL,XPL,cross_domain,1.0,0.6276276177669365,0.5,0.49107142857142855,0.49527972027972034,118,30
3,3,PPL,XPL,cross_domain,1.0,0.6713799998113723,0.6333333333333333,0.6383928571428571,0.6379120879120879,118,30
3,4,PPL,XPL,cross_domain,10.0,0.6511235997068545,0.5517241379310345,0.5535714285714286,0.5574175824175824,119,29
3,5,PPL,XPL,cross_domain,1.0,0.6393255909896777,0.8620689655172413,0.8571428571428571,0.8500000000000001,119,29
4,1,PPL,XPL,cross_domain,1.0,0.670016339059952,0.7,0.6964285714285714,0.7080639948287007,118,30
4,2,PPL,XPL,cross_domain,100.0,0.676852001173074,0.6,0.59375,0.5618055555555556,118,30
4,3,PPL,XPL,cross_domain,10.0,0.6346140905915102,0.43333333333333335,0.42857142857142855,0.4328282828282828,118,30
4,4,PPL,XPL,cross_domain,1.0,0.6449865193286245,0.6206896551724138,0.6339285714285714,0.6065826330532214,119,29
4,5,PPL,XPL,cross_domain,1.0,0.6672701309698214,0.5862068965517241,0.5803571428571429,0.5809523809523809,119,29
5,1,PPL,XPL,cross_domain,1.0,0.6403720922305187,0.7,0.7008928571428571,0.6970238095238095,118,30
5,2,PPL,XPL,cross_domain,1.0,0.6590128333848888,0.5333333333333333,0.5267857142857143,0.533234126984127,118,30
5,3,PPL,XPL,cross_domain,1.0,0.6453371201419391,0.6666666666666666,0.6696428571428572,0.6496323529411765,118,30
5,4,PPL,XPL,cross_domain,100.0,0.6347505070608785,0.5517241379310345,0.5580357142857143,0.5474587912087912,119,29
5,5,PPL,XPL,cross_domain,0.1,0.6043042469513059,0.6551724137931034,0.6517857142857143,0.6406746031746031,119,29
1,1,PPL+XPL,PPL,combined,0.1,0.6557399979974413,0.6,0.5892857142857142,0.5777777777777777,236,30
1,2,PPL+XPL,PPL,combined,1.0,0.6300891765582214,0.7,0.6919642857142857,0.6919028340080973,236,30
1,3,PPL+XPL,PPL,combined,10.0,0.6914662471722597,0.6333333333333333,0.6473214285714286,0.6224747474747474,236,30
1,4,PPL+XPL,PPL,combined,1.0,0.6544189887780358,0.8275862068965517,0.8303571428571429,0.8291666666666666,238,29
1,5,PPL+XPL,PPL,combined,1.0,0.7154990073457091,0.6206896551724138,0.6160714285714285,0.6067583732057416,238,29
2,1,PPL+XPL,PPL,combined,1.0,0.6479794184399491,0.7333333333333333,0.7232142857142857,0.7216911764705883,236,30
2,2,PPL+XPL,PPL,combined,1.0,0.6954017671887929,0.6,0.59375,0.5942056309703369,236,30
2,3,PPL+XPL,PPL,combined,1.0,0.6844784763326853,0.7,0.7098214285714286,0.6951995373048006,236,30
2,4,PPL+XPL,PPL,combined,1.0,0.6669600710529163,0.6896551724137931,0.6830357142857142,0.6842105263157895,238,29
2,5,PPL+XPL,PPL,combined,0.1,0.6474456841566476,0.7241379310344828,0.71875,0.7181818181818183,238,29
3,1,PPL+XPL,PPL,combined,10.0,0.6483618329206565,0.5666666666666667,0.5580357142857142,0.5312937062937063,236,30
3,2,PPL+XPL,PPL,combined,1.0,0.6672775427320392,0.7333333333333333,0.7276785714285714,0.7331002331002331,236,30
3,3,PPL+XPL,PPL,combined,10.0,0.6646127384046188,0.6,0.6071428571428571,0.5996794871794872,236,30
3,4,PPL+XPL,PPL,combined,1.0,0.6655210660439325,0.6896551724137931,0.6875,0.6721804511278195,238,29
3,5,PPL+XPL,PPL,combined,1.0,0.6562188255643379,0.6896551724137931,0.6919642857142857,0.6904761904761905,238,29
4,1,PPL+XPL,PPL,combined,1.0,0.6523031027139604,0.6666666666666666,0.6562499999999999,0.6616071428571428,236,30
4,2,PPL+XPL,PPL,combined,10.0,0.6502222136897059,0.6666666666666666,0.6607142857142857,0.6473039215686275,236,30
4,3,PPL+XPL,PPL,combined,1.0,0.6881946508819844,0.7,0.7098214285714286,0.7,236,30
4,4,PPL+XPL,PPL,combined,1.0,0.6677488705941391,0.6896551724137931,0.7053571428571429,0.6611111111111112,238,29
4,5,PPL+XPL,PPL,combined,1.0,0.6534117518783245,0.7931034482758621,0.7946428571428572,0.7933455433455433,238,29
5,1,PPL+XPL,PPL,combined,0.1,0.641464700499582,0.7,0.6919642857142858,0.6896367521367521,236,30
5,2,PPL+XPL,PPL,combined,10.0,0.6469699705624711,0.6666666666666666,0.6651785714285714,0.6621848739495799,236,30
5,3,PPL+XPL,PPL,combined,1.0,0.676858202327554,0.8,0.8035714285714286,0.7987394957983193,236,30
5,4,PPL+XPL,PPL,combined,10.0,0.6828055397415153,0.5517241379310345,0.5535714285714285,0.5617521367521368,238,29
5,5,PPL+XPL,PPL,combined,10.0,0.6753235492365927,0.7241379310344828,0.7232142857142857,0.7271062271062271,238,29
1,1,PPL+XPL,XPL,combined,0.1,0.6557399979974413,0.8,0.7991071428571428,0.7949404761904761,236,30
1,2,PPL+XPL,XPL,combined,1.0,0.6300891765582214,0.7333333333333333,0.7321428571428572,0.7212669683257917,236,30
1,3,PPL+XPL,XPL,combined,10.0,0.6914662471722597,0.5666666666666667,0.5669642857142857,0.5706815114709851,236,30
1,4,PPL+XPL,XPL,combined,1.0,0.6544189887780358,0.6551724137931034,0.6741071428571428,0.6175941361699876,238,29
1,5,PPL+XPL,XPL,combined,1.0,0.7154990073457091,0.6206896551724138,0.6116071428571428,0.598015873015873,238,29
2,1,PPL+XPL,XPL,combined,1.0,0.6479794184399491,0.6,0.5892857142857142,0.5736355148119854,236,30
2,2,PPL+XPL,XPL,combined,1.0,0.6954017671887929,0.5666666666666667,0.5669642857142857,0.5786199095022624,236,30
2,3,PPL+XPL,XPL,combined,1.0,0.6844784763326853,0.7,0.7142857142857143,0.6979166666666666,236,30
2,4,PPL+XPL,XPL,combined,1.0,0.6669600710529163,0.7241379310344828,0.7410714285714286,0.704879679144385,238,29
2,5,PPL+XPL,XPL,combined,0.1,0.6474456841566476,0.5862068965517241,0.5803571428571428,0.5669467787114846,238,29
3,1,PPL+XPL,XPL,combined,10.0,0.6483618329206565,0.6333333333333333,0.6294642857142857,0.5820512820512821,236,30
3,2,PPL+XPL,XPL,combined,1.0,0.6672775427320392,0.6333333333333333,0.6294642857142857,0.6382868937048505,236,30
3,3,PPL+XPL,XPL,combined,10.0,0.6646127384046188,0.7,0.7053571428571428,0.7053571428571428,236,30
3,4,PPL+XPL,XPL,combined,1.0,0.6655210660439325,0.5517241379310345,0.5535714285714286,0.5504807692307693,238,29
3,5,PPL+XPL,XPL,combined,1.0,0.6562188255643379,0.7586206896551724,0.75,0.7416666666666666,238,29
4,1,PPL+XPL,XPL,combined,1.0,0.6523031027139604,0.8333333333333334,0.8303571428571429,0.8298076923076922,236,30
4,2,PPL+XPL,XPL,combined,10.0,0.6502222136897059,0.7333333333333333,0.7366071428571428,0.734238310708899,236,30
4,3,PPL+XPL,XPL,combined,1.0,0.6881946508819844,0.43333333333333335,0.4330357142857143,0.41317071086807927,236,30
4,4,PPL+XPL,XPL,combined,1.0,0.6677488705941391,0.6551724137931034,0.6651785714285714,0.6496229260935144,238,29
4,5,PPL+XPL,XPL,combined,1.0,0.6534117518783245,0.6551724137931034,0.6517857142857143,0.65,238,29
5,1,PPL+XPL,XPL,combined,0.1,0.641464700499582,0.7,0.6964285714285714,0.6916666666666665,236,30
5,2,PPL+XPL,XPL,combined,10.0,0.6469699705624711,0.6666666666666666,0.6741071428571428,0.675,236,30
5,3,PPL+XPL,XPL,combined,1.0,0.676858202327554,0.6333333333333333,0.6339285714285714,0.6111296791443851,236,30
5,4,PPL+XPL,XPL,combined,10.0,0.6828055397415153,0.6896551724137931,0.6964285714285715,0.699256625727214,238,29
5,5,PPL+XPL,XPL,combined,10.0,0.6753235492365927,0.6551724137931034,0.6517857142857143,0.6517857142857143,238,29
1,1,XPL,PPL,cross_domain,10.0,0.6479028943130775,0.5666666666666667,0.5580357142857143,0.5486928104575164,118,30
1,2,XPL,PPL,cross_domain,10.0,0.6401363547984896,0.5333333333333333,0.5267857142857142,0.5228937728937728,118,30
1,3,XPL,PPL,cross_domain,10.0,0.731256222931583,0.6,0.6205357142857143,0.5763257575757575,118,30
1,4,XPL,PPL,cross_domain,1.0,0.6669599764414005,0.5517241379310345,0.5580357142857143,0.5101558572146807,119,29
1,5,XPL,PPL,cross_domain,0.1,0.7254705130324325,0.3793103448275862,0.3705357142857143,0.3254419191919192,119,29
2,1,XPL,PPL,cross_domain,1.0,0.7097139856797954,0.5,0.4821428571428571,0.47462121212121217,118,30
2,2,XPL,PPL,cross_domain,0.1,0.6889554168006854,0.4,0.4017857142857143,0.3800904977375566,118,30
2,3,XPL,PPL,cross_domain,1.0,0.7119189089777326,0.4666666666666667,0.48660714285714285,0.4308213716108453,118,30
2,4,XPL,PPL,cross_domain,10.0,0.722207905999466,0.5862068965517241,0.5848214285714285,0.5812499999999999,119,29
2,5,XPL,PPL,cross_domain,0.1,0.6525173413331308,0.6206896551724138,0.6116071428571428,0.6025162337662338,119,29
3,1,XPL,PPL,cross_domain,100.0,0.6796430139099071,0.4666666666666667,0.4598214285714286,0.45219780219780215,118,30
3,2,XPL,PPL,cross_domain,1.0,0.6707871505859123,0.5333333333333333,0.5357142857142857,0.5249153020892152,118,30
3,3,XPL,PPL,cross_domain,1.0,0.6393067673640429,0.43333333333333335,0.45535714285714285,0.3663967611336032,118,30
3,4,XPL,PPL,cross_domain,10.0,0.705573854486898,0.5517241379310345,0.5535714285714285,0.5444444444444444,119,29
3,5,XPL,PPL,cross_domain,0.1,0.7107759007493156,0.5517241379310345,0.5491071428571429,0.5339635854341737,119,29
4,1,XPL,PPL,cross_domain,1.0,0.6567290601144417,0.5,0.49107142857142855,0.4612938596491228,118,30
4,2,XPL,PPL,cross_domain,10.0,0.6670764154308374,0.6333333333333333,0.625,0.6005723443223443,118,30
4,3,XPL,PPL,cross_domain,10.0,0.6911825466265835,0.5666666666666667,0.5758928571428571,0.5665106951871658,118,30
4,4,XPL,PPL,cross_domain,10.0,0.7213007265638844,0.5517241379310345,0.5580357142857142,0.5512605042016807,119,29
4,5,XPL,PPL,cross_domain,0.1,0.6746662731384768,0.5172413793103449,0.5133928571428571,0.5178571428571428,119,29
5,1,XPL,PPL,cross_domain,1.0,0.6709256915442134,0.5666666666666667,0.5491071428571429,0.5162366701066392,118,30
5,2,XPL,PPL,cross_domain,10.0,0.6612329620843552,0.5,0.5089285714285714,0.5018977732793523,118,30
5,3,XPL,PPL,cross_domain,100.0,0.7509136395005959,0.4666666666666667,0.48660714285714285,0.41868686868686866,118,30
5,4,XPL,PPL,cross_domain,10.0,0.7174430338323528,0.5862068965517241,0.5892857142857143,0.5935836093730831,119,29
5,5,XPL,PPL,cross_domain,10.0,0.697081317375435,0.6206896551724138,0.6205357142857142,0.6180595720069404,119,29
1,1,XPL,XPL,within_domain,10.0,0.6479028943130775,0.8,0.7946428571428572,0.8020833333333334,118,30
1,2,XPL,XPL,within_domain,10.0,0.6401363547984896,0.7666666666666667,0.7633928571428572,0.7484959893048129,118,30
1,3,XPL,XPL,within_domain,10.0,0.731256222931583,0.6333333333333333,0.6383928571428572,0.6451465201465202,118,30
1,4,XPL,XPL,within_domain,1.0,0.6669599764414005,0.7931034482758621,0.8035714285714286,0.7926564856711915,119,29
1,5,XPL,XPL,within_domain,0.1,0.7254705130324325,0.6206896551724138,0.6116071428571428,0.5953216374269006,119,29
2,1,XPL,XPL,within_domain,1.0,0.7097139856797954,0.6666666666666666,0.6607142857142857,0.6477949295286757,118,30
2,2,XPL,XPL,within_domain,0.1,0.6889554168006854,0.5333333333333333,0.5446428571428571,0.5265293916609706,118,30
2,3,XPL,XPL,within_domain,1.0,0.7119189089777326,0.6333333333333333,0.6517857142857143,0.6017045454545454,118,30
2,4,XPL,XPL,within_domain,10.0,0.722207905999466,0.7586206896551724,0.7678571428571429,0.7589285714285714,119,29
2,5,XPL,XPL,within_domain,0.1,0.6525173413331308,0.7931034482758621,0.7946428571428571,0.7905483405483406,119,29
3,1,XPL,XPL,within_domain,100.0,0.6796430139099071,0.6666666666666666,0.65625,0.5812693498452013,118,30
3,2,XPL,XPL,within_domain,1.0,0.6707871505859123,0.7,0.7008928571428572,0.7042124542124542,118,30
3,3,XPL,XPL,within_domain,1.0,0.6393067673640429,0.7666666666666667,0.7767857142857143,0.768154761904762,118,30
3,4,XPL,XPL,within_domain,10.0,0.705573854486898,0.6896551724137931,0.6875,0.6871794871794871,119,29
3,5,XPL,XPL,within_domain,0.1,0.7107759007493156,0.6551724137931034,0.6428571428571428,0.6388888888888888,119,29
4,1,XPL,XPL,within_domain,1.0,0.6567290601144417,0.8666666666666667,0.8660714285714286,0.8638655462184873,118,30
4,2,XPL,XPL,within_domain,10.0,0.6670764154308374,0.6666666666666666,0.6741071428571429,0.6724709114414996,118,30
4,3,XPL,XPL,within_domain,10.0,0.6911825466265835,0.5333333333333333,0.5357142857142857,0.532318988201341,118,30
4,4,XPL,XPL,within_domain,10.0,0.7213007265638844,0.6896551724137931,0.7008928571428572,0.6858974358974359,119,29
4,5,XPL,XPL,within_domain,0.1,0.6746662731384768,0.7241379310344828,0.71875,0.7172268907563025,119,29
5,1,XPL,XPL,within_domain,1.0,0.6709256915442134,0.8333333333333334,0.8258928571428571,0.822473604826546,118,30
5,2,XPL,XPL,within_domain,10.0,0.6612329620843552,0.6666666666666666,0.6785714285714286,0.6782822440717178,118,30
5,3,XPL,XPL,within_domain,100.0,0.7509136395005959,0.5666666666666667,0.5803571428571428,0.5678571428571428,118,30
5,4,XPL,XPL,within_domain,10.0,0.7174430338323528,0.7241379310344828,0.7321428571428572,0.7231738849385909,119,29
5,5,XPL,XPL,within_domain,10.0,0.697081317375435,0.7241379310344828,0.7232142857142858,0.7261904761904762,119,29
